Westfield State University,,,,,,,,,,,,,,,,,,,,,,,,,,,,
3/28/22 12:00 AM : 1 Month,,,,,,,,,,,,,,,,,,,,,,,,,,,,
,Gateway,Gateway,Gateway,Gateway,Gateway,Gateway,Gateway,Gateway,Gateway,Gateway,Gateway,Gateway,Gateway,Gateway,Gateway,Gateway,Gateway,Gateway,Gateway,Gateway,Gateway,Gateway,Gateway,Gateway,Gateway,Gateway,Gateway,Gateway
,"Vantage Pro2 Plus, Cabled","Vantage Pro2 Plus, Cabled","Vantage Pro2 Plus, Cabled","Vantage Pro2 Plus, Cabled","Vantage Pro2 Plus, Cabled","Vantage Pro2 Plus, Cabled","Vantage Pro2 Plus, Cabled","Vantage Pro2 Plus, Cabled","Vantage Pro2 Plus, Cabled","Vantage Pro2 Plus, Cabled","Vantage Pro2 Plus, Cabled","Vantage Pro2 Plus, Cabled","Vantage Pro2 Plus, Cabled","Vantage Pro2 Plus, Cabled","Vantage Pro2 Plus, Cabled","Vantage Pro2 Plus, Cabled","Vantage Pro2 Plus, Cabled","Vantage Pro2 Plus, Cabled","Vantage Pro2 Plus, Cabled","Vantage Pro2 Plus, Cabled","Vantage Pro2 Plus, Cabled","Vantage Pro2 Plus, Cabled","Vantage Pro2 Plus, Cabled","Vantage Pro2 Plus, Cabled","Vantage Pro2 Plus, Cabled","Vantage Pro2 Plus, Cabled","Vantage Pro2 Plus, Cabled","Vantage Pro2 Plus, Cabled"
,,,,,,,,,,,,,,,,,,,,,,,,,,,,
Date & Time,Barometer - in Hg,Temp - °F,High Temp - °F,Low Temp - °F,Hum - %,Dew Point - °F,Wet Bulb - °F,Wind Speed - mph,Wind Direction,Wind Run - mi,High Wind Speed - mph,High Wind Direction,Wind Chill - °F,Heat Index - °F,THW Index - °F,THSW Index - °F,Rain - in,Rain Rate - in/h,Solar Rad - W/m^2,Solar Energy - Ly,High Solar Rad - W/m^2,ET - in,UV Index,UV Dose - MEDs,High UV Index,Heating Degree Days,Cooling Degree Days,2nd Temp - °F
3/28/22 0:00,29.8,25,26,25,57,12,21,9,W,4.5,29,WSW,16,25,15,11,0,0,0,0,0,0,0,0,0,0.827,0,27
3/28/22 0:30,29.81,25,25,25,57,12,20,9,W,4.5,25,W,16,25,15,11,0,0,0,0,0,0,0,0,0,0.831,0,26
3/28/22 1:00,29.81,25,25,25,54,10,20,8,W,4,25,WSW,16,24,15,11,0,0,0,0,0,0,0,0,0,0.84,0,26
3/28/22 1:30,29.81,24,25,24,52,9,19,11,W,5.5,38,WSW,14,24,13,9,0,0,0,0,0,0,0,0,0,0.844,0,26
3/28/22 2:00,29.81,24,24,24,49,8,18,12,W,6,29,W,13,24,12,8,0,0,0,0,0,0,0,0,0,0.85,0,25
3/28/22 2:30,29.81,24,24,24,49,7,18,10,W,5,26,WSW,13,23,13,9,0,0,0,0,0,0,0,0,0,0.86,0,25
3/28/22 3:00,29.81,23,24,23,47,6,17,11,W,5.5,28,W,12,23,12,8,0,0,0,0,0,0,0,0,0,0.867,0,25
3/28/22 3:30,29.81,23,23,23,48,6,17,10,W,5,23,WSW,13,22,12,8,0,0,0,0,0,0,0,0,0,0.873,0,24
3/28/22 4:00,29.82,23,23,23,48,6,17,8,W,4,21,W,14,22,13,9,0,0,0,0,0,0,0,0,0,0.877,0,24
3/28/22 4:30,29.82,23,23,22,47,5,17,8,W,4,29,WSW,13,22,13,8,0,0,0,0,0,0,0,0,0,0.883,0,24
3/28/22 5:00,29.82,22,23,22,48,5,17,9,W,4.5,32,WSW,12,22,12,7,0,0,0,0,0,0,0,0,0,0.892,0,24
3/28/22 5:30,29.82,22,22,22,47,5,16,10,W,5,32,W,11,21,10,6,0,0,0,0,0,0,0,0,0,0.9,0,23
3/28/22 6:00,29.84,22,22,22,47,4,16,10,W,5,30,WNW,11,21,10,6,0,0,0,0,0,0,0,0,0,0.904,0,23
3/28/22 6:30,29.86,21,22,21,48,4,16,8,W,4,26,W,11,20,11,6,0,0,0,0,0,0,0,0,0,0.917,0,22
3/28/22 7:00,29.87,21,21,21,51,5,16,6,W,3,20,W,13,20,12,8,0,0,11,0.47,33,0,0,0,0,0.923,0,22
3/28/22 7:30,29.88,21,21,21,51,6,16,5,W,2.5,19,NW,14,21,14,10,0,0,63,2.71,95,0,0,0,0,0.912,0,22
3/28/22 8:00,29.89,21,22,21,49,5,16,8,W,4,20,W,12,21,11,12,0,0,128,5.51,171,0,0,0,0,0.91,0,23
3/28/22 8:30,29.89,22,22,21,44,3,16,7,W,3.5,23,NW,13,21,13,18,0,0,246,10.58,313,0,1,0.1,1,0.896,0,24
3/28/22 9:00,29.89,22,23,22,41,2,16,8,N,4,26,W,13,22,13,20,0,0,365,15.7,432,0,1,0.2,1,0.885,0,24
3/28/22 9:30,29.89,23,24,22,38,1,16,8,N,4,23,N,14,22,13,24,0,0,511,21.98,557,0,2,0.3,2,0.869,0,25
3/28/22 10:00,29.88,24,24,23,39,3,17,8,N,4,25,W,15,23,14,23,0,0,502,21.6,686,0.01,2,0.4,2,0.852,0,26
3/28/22 10:30,29.89,24,25,24,35,1,16,10,W,5,29,NW,14,24,14,25,0,0,712,30.63,740,0,2,0.5,3,0.844,0,26
3/28/22 11:00,29.89,25,26,24,36,2,17,10,W,5,29,W,15,24,14,25,0,0,763,32.83,851,0.01,3,0.6,3,0.838,0,26
3/28/22 11:30,29.9,24,25,24,37,2,16,8,W,4,28,N,15,23,14,20,0,0,324,13.94,464,0,2,0.5,4,0.85,0,26
3/28/22 12:00,29.89,27,27,24,36,3,18,10,W,5,31,W,17,26,16,23,0,0,501,21.55,1216,0.01,3,0.7,5,0.8,0,29
3/28/22 12:30,29.89,25,27,24,35,1,16,13,W,6.5,35,WNW,13,24,12,19,0,0,628,27.02,1113,0,3,0.7,5,0.835,0,27
3/28/22 13:00,29.88,26,26,25,35,2,17,10,W,5,32,SW,16,25,15,22,0,0,493,21.21,1215,0.01,3,0.7,5,0.817,0,26
3/28/22 13:30,29.88,25,28,24,37,2,17,10,W,5,25,NNW,15,24,14,21,0,0,496,21.34,1181,0,3,0.6,5,0.84,0,26
3/28/22 14:00,29.88,26,27,25,36,2,17,10,W,5,25,WSW,16,25,15,23,0,0,513,22.07,1209,0.01,3,0.6,5,0.817,0,27
3/28/22 14:30,29.89,26,26,24,38,4,18,12,W,6,27,WSW,15,25,14,20,0,0,442,19.02,942,0,3,0.6,4,0.819,0,27
3/28/22 15:00,29.89,27,27,26,30,0,17,11,W,5.5,31,W,17,26,16,29,0,0,945,40.66,1095,0.01,3,0.7,4,0.792,0,28
3/28/22 15:30,29.9,25,27,25,36,2,17,10,W,5,30,NW,15,24,14,20,0,0,330,14.2,633,0,2,0.4,3,0.829,0,26
3/28/22 16:00,29.9,25,26,25,33,0,16,9,W,4.5,24,NNW,15,24,14,20,0,0,326,14.03,779,0.01,2,0.3,3,0.84,0,26
3/28/22 16:30,29.9,26,26,24,33,0,16,11,W,5.5,28,WSW,15,25,14,26,0,0,508,21.86,728,0,2,0.4,2,0.823,0,27
3/28/22 17:00,29.91,25,26,24,34,0,16,11,N,5.5,27,N,14,24,13,22,0,0,349,15.01,675,0.01,1,0.2,2,0.838,0,26
3/28/22 17:30,29.93,24,25,24,37,1,16,9,W,4.5,24,WNW,14,23,14,13,0,0,188,8.09,369,0,1,0.1,1,0.854,0,26
3/28/22 18:00,29.94,24,24,23,39,2,16,12,W,6,32,W,12,23,11,11,0,0,215,9.25,455,0,0,0.1,1,0.863,0,25
3/28/22 18:30,29.95,23,24,23,40,2,16,9,W,4.5,30,WSW,13,22,13,10,0,0,110,4.73,171,0,0,0,0,0.873,0,24
3/28/22 19:00,29.97,22,23,22,47,5,16,8,W,4,26,W,13,21,12,9,0,0,44,1.89,88,0,0,0,0,0.894,0,23
3/28/22 19:30,29.98,22,22,22,47,5,16,5,W,2.5,22,W,15,21,14,10,0,0,3,0.13,9,0,0,0,0,0.902,0,23
3/28/22 20:00,30,21,22,21,46,4,15,8,W,4,22,W,12,21,11,7,0,0,0,0,0,0,0,0,0,0.912,0,23
3/28/22 20:30,30.01,21,21,21,46,4,15,7,W,3.5,24,WSW,12,20,12,7,0,0,0,0,0,0,0,0,0,0.915,0,22
3/28/22 21:00,30.03,21,21,21,46,3,15,8,W,4,23,WSW,11,20,11,6,0,0,0,0,0,0,0,0,0,0.917,0,22
3/28/22 21:30,30.03,21,21,20,48,4,15,7,W,3.5,21,W,12,20,11,6,0,0,0,0,0,0,0,0,0,0.925,0,22
3/28/22 22:00,30.03,20,21,20,48,4,15,8,W,4,22,NNW,10,20,10,5,0,0,0,0,0,0,0,0,0,0.933,0,21
3/28/22 22:30,30.03,20,20,20,49,4,15,9,WNW,4.5,28,WNW,10,19,9,5,0,0,0,0,0,0,0,0,0,0.938,0,21
3/28/22 23:00,30.04,20,20,20,51,5,15,7,W,3.5,20,WSW,11,19,10,6,0,0,0,0,0,0,0,0,0,0.942,0,21
3/28/22 23:30,30.05,19,20,19,51,4,15,7,WNW,3.5,20,WSW,10,19,10,5,0,0,0,0,0,0,0,0,0,0.954,0,20
3/29/22 0:00,30.06,19,19,19,50,3,14,8,NW,4,20,NNW,9,18,8,4,0,0,0,0,0,0,0,0,0,0.963,0,20
3/29/22 0:30,30.07,18,19,18,50,3,14,8,WNW,4,24,NNW,8,18,8,3,0,0,0,0,0,0,0,0,0,0.971,0,19
3/29/22 1:00,30.08,18,18,18,52,3,14,7,NW,3.5,30,NNW,9,18,8,3,0,0,0,0,0,0,0,0,0,0.979,0,19
3/29/22 1:30,30.08,18,18,18,53,3,13,5,WNW,2.5,16,WNW,10,17,10,5,0,0,0,0,0,0,0,0,0,0.985,0,19
3/29/22 2:00,30.09,17,18,17,53,3,13,5,WNW,2.5,14,NNW,10,17,9,5,0,0,0,0,0,0,0,0,0,0.992,0,19
3/29/22 2:30,30.09,18,18,17,54,4,13,6,NW,3,17,N,9,17,9,4,0,0,0,0,0,0,0,0,0,0.99,0,19
3/29/22 3:00,30.09,18,18,17,55,4,14,4,WNW,2,17,NW,11,17,11,6,0,0,0,0,0,0,0,0,0,0.99,0,18
3/29/22 3:30,30.09,18,18,17,56,5,14,3,WNW,1.5,25,WNW,13,17,13,8,0,0,0,0,0,0,0,0,0,0.985,0,19
3/29/22 4:00,30.1,18,18,17,56,5,14,5,NW,2.5,15,NNW,10,17,10,5,0,0,0,0,0,0,0,0,0,0.985,0,19
3/29/22 4:30,30.1,18,18,18,58,5,14,6,NW,3,17,NW,9,17,9,4,0,0,0,0,0,0,0,0,0,0.985,0,19
3/29/22 5:00,30.1,18,18,18,58,6,14,5,NW,2.5,19,W,11,18,10,5,0,0,0,0,0,0,0,0,0,0.979,0,19
3/29/22 5:30,30.11,18,18,18,58,6,15,4,NW,2,15,WSW,12,18,12,7,0,0,0,0,0,0,0,0,0,0.975,0,19
3/29/22 6:00,30.12,18,19,18,58,6,15,4,N,2,18,NNE,12,18,12,7,0,0,0,0,0,0,0,0,0,0.969,0,19
3/29/22 6:30,30.12,19,19,18,57,6,15,3,NNE,1.5,15,N,14,18,14,9,0,0,0,0,0,0,0,0,0,0.965,0,20
3/29/22 7:00,30.13,19,19,19,58,7,15,6,NW,3,17,NNW,11,19,10,6,0,0,7,0.3,16,0,0,0,0,0.956,0,20
3/29/22 7:30,30.14,20,20,19,58,7,16,5,N,2.5,15,WNW,13,19,12,8,0,0,36,1.55,53,0,0,0,0,0.942,0,20
3/29/22 8:00,30.15,20,20,20,57,7,16,5,N,2.5,15,WNW,13,20,13,13,0,0,74,3.18,193,0,0,0,0,0.931,0,21
3/29/22 8:30,30.16,23,23,20,52,8,18,6,N,3,22,N,16,22,15,24,0,0,348,14.97,455,0,1,0.2,1,0.873,0,24
3/29/22 9:00,30.17,23,24,23,52,8,18,6,NW,3,22,NNW,15,22,15,22,0,0,344,14.8,436,0,1,0.2,1,0.881,0,23
3/29/22 9:30,30.17,22,23,22,52,7,17,8,NW,4,23,NNW,13,22,12,17,0,0,247,10.63,278,0,1,0.2,1,0.894,0,23
3/29/22 10:00,30.17,24,24,22,50,8,19,6,NW,3,23,N,17,24,16,25,0,0,430,18.5,554,0,2,0.4,2,0.848,0,25
3/29/22 10:30,30.17,25,25,24,49,8,19,6,NW,3,15,NNE,18,24,17,25,0,0,430,18.5,462,0,2,0.4,2,0.835,0,26
3/29/22 11:00,30.17,26,26,25,47,8,19,6,NW,3,21,NNW,19,25,18,26,0,0,433,18.63,461,0.01,2,0.4,2,0.819,0,26
3/29/22 11:30,30.16,27,27,26,47,9,20,5,NW,2.5,15,NW,21,26,20,28,0,0,444,19.1,497,0,2,0.5,3,0.792,0,27
3/29/22 12:00,30.15,28,29,27,44,9,21,5,N,2.5,19,N,23,28,22,31,0,0,512,22.03,642,0.01,3,0.6,3,0.76,0,29
3/29/22 12:30,30.15,29,29,28,43,9,21,8,WNW,4,22,NNW,21,28,20,28,0,0,470,20.22,550,0,2,0.5,3,0.75,0,29
3/29/22 13:00,30.13,31,31,29,40,10,22,8,N,4,21,NW,24,30,23,31,0,0,653,28.09,722,0.01,3,0.7,4,0.706,0,32
3/29/22 13:30,30.13,33,33,31,38,10,23,7,N,3.5,23,NW,26,32,25,37,0,0,810,34.85,928,0,4,0.9,4,0.673,0,32
3/29/22 14:00,30.12,33,34,33,36,9,23,8,N,4,27,N,27,32,25,38,0,0,865,37.21,928,0.01,4,0.9,4,0.658,0,33
3/29/22 14:30,30.11,34,35,33,37,10,24,8,N,4,25,N,27,33,26,39,0,0,805,34.63,870,0,4,0.8,4,0.646,0,34
3/29/22 15:00,30.1,35,36,34,35,10,24,7,N,3.5,21,W,29,34,28,41,0,0,813,34.98,846,0.01,4,0.8,4,0.629,0,34
3/29/22 15:30,30.1,35,36,35,35,10,24,9,W,4.5,23,WNW,28,34,27,40,0,0,749,32.22,789,0,3,0.7,3,0.621,0,35
3/29/22 16:00,30.1,36,36,35,32,9,24,8,W,4,21,NW,30,35,28,41,0,0,674,29,714,0.01,3,0.6,3,0.602,0,36
3/29/22 16:30,30.09,36,36,36,32,9,24,8,W,4,22,WNW,29,34,28,41,0,0,590,25.38,633,0,2,0.4,2,0.608,0,35
3/29/22 17:00,30.09,36,36,35,31,8,23,9,W,4.5,25,W,29,34,27,40,0,0,492,21.17,540,0.01,2,0.3,2,0.61,0,35
3/29/22 17:30,30.1,36,36,35,30,7,23,7,NW,3.5,20,NNW,30,34,28,32,0,0,388,16.69,438,0,1,0.2,1,0.615,0,35
3/29/22 18:00,30.11,35,36,35,29,6,22,7,NW,3.5,23,W,29,33,27,29,0,0,273,11.74,332,0.01,1,0.1,1,0.631,0,35
3/29/22 18:30,30.11,34,35,34,29,5,22,7,NW,3.5,24,NW,28,33,27,25,0,0,142,6.11,204,0,0,0,0,0.637,0,35
3/29/22 19:00,30.13,33,34,33,31,6,22,7,WNW,3.5,21,W,27,32,26,22,0,0,40,1.72,79,0,0,0,0,0.66,0,34
3/29/22 19:30,30.14,32,33,32,34,7,22,8,W,4,19,W,25,31,24,20,0,0,4,0.17,12,0,0,0,0,0.683,0,33
3/29/22 20:00,30.16,31,32,31,36,7,22,7,W,3.5,19,WSW,25,30,24,19,0,0,0,0,0,0,0,0,0,0.702,0,32
3/29/22 20:30,30.18,31,31,31,38,8,22,7,W,3.5,22,N,24,30,23,18,0,0,0,0,0,0,0,0,0,0.713,0,32
3/29/22 21:00,30.19,30,31,30,39,8,21,6,W,3,22,NW,24,29,23,18,0,0,0,0,0,0,0,0,0,0.725,0,31
3/29/22 21:30,30.2,30,30,30,40,8,21,4,W,2,15,WNW,25,29,24,20,0,0,0,0,0,0,0,0,0,0.735,0,31
3/29/22 22:00,30.2,29,30,29,41,8,21,5,W,2.5,15,W,24,28,23,18,0,0,0,0,0,0,0,0,0,0.744,0,30
3/29/22 22:30,30.19,29,29,29,41,8,21,9,W,4.5,25,SW,21,28,20,16,0,0,0,0,0,0,0,0,0,0.744,0,30
3/29/22 23:00,30.2,29,29,29,42,9,21,10,W,5,28,WNW,20,28,19,15,0,0,0,0,0,0,0,0,0,0.746,0,30
3/29/22 23:30,30.21,29,29,29,42,9,21,9,W,4.5,25,WNW,20,28,19,15,0,0,0,0,0,0,0,0,0,0.754,0,30
3/30/22 0:00,30.23,28,29,28,42,8,21,7,W,3.5,21,W,21,28,20,16,0,0,0,0,0,0,0,0,0,0.76,0,29
3/30/22 0:30,30.24,28,29,28,43,8,21,4,W,2,12,WSW,23,27,23,18,0,0,0,0,0,0,0,0,0,0.771,0,29
3/30/22 1:00,30.23,28,28,28,44,9,21,5,W,2.5,15,SW,22,27,22,17,0,0,0,0,0,0,0,0,0,0.771,0,29
3/30/22 1:30,30.23,28,28,28,46,9,21,6,W,3,18,WSW,21,27,20,16,0,0,0,0,0,0,0,0,0,0.779,0,28
3/30/22 2:00,30.23,28,28,28,49,11,21,11,W,5.5,24,W,18,27,17,13,0,0,0,0,0,0,0,0,0,0.781,0,28
3/30/22 2:30,30.21,27,28,27,51,11,21,8,W,4,19,SW,19,26,18,14,0,0,0,0,0,0,0,0,0,0.787,0,28
3/30/22 3:00,30.21,27,27,27,52,12,21,7,WSW,3.5,24,WSW,19,26,19,14,0,0,0,0,0,0,0,0,0,0.796,0,28
3/30/22 3:30,30.22,26,27,26,53,11,21,2,NE,1,10,NW,25,26,24,19,0,0,0,0,0,0,0,0,0,0.806,0,27
3/30/22 4:00,30.22,26,26,26,55,12,21,2,WNW,1,8,W,24,25,23,19,0,0,0,0,0,0,0,0,0,0.819,0,27
3/30/22 4:30,30.23,26,26,26,56,12,21,3,WNW,1.5,14,WSW,22,25,22,17,0,0,0,0,0,0,0,0,0,0.815,0,27
3/30/22 5:00,30.25,26,26,26,57,13,21,8,W,4,20,W,17,25,17,12,0,0,0,0,0,0,0,0,0,0.815,0,27
3/30/22 5:30,30.25,26,26,26,59,13,21,6,W,3,14,W,19,25,18,14,0,0,0,0,0,0,0,0,0,0.819,0,27
3/30/22 6:00,30.26,26,26,25,59,13,21,6,W,3,14,W,19,25,18,13,0,0,0,0,0,0,0,0,0,0.821,0,26
3/30/22 6:30,30.27,25,26,25,60,13,21,4,W,2,11,WSW,20,24,19,15,0,0,0,0,0,0,0,0,0,0.835,0,26
3/30/22 7:00,30.28,25,25,25,60,13,21,4,W,2,9,WSW,20,24,19,15,0,0,10,0.43,21,0,0,0,0,0.833,0,26
3/30/22 7:30,30.29,26,26,25,59,13,21,2,WNW,1,9,W,24,25,24,20,0,0,35,1.51,74,0,0,0,0,0.817,0,27
3/30/22 8:00,30.3,28,28,26,57,14,23,2,WSW,1,8,WSW,26,27,25,27,0,0,120,5.16,153,0,0,0,0,0.779,0,29
3/30/22 8:30,30.3,30,30,27,51,14,24,1,NNW,0.5,4,NW,30,30,30,36,0,0,261,11.23,353,0,1,0.2,1,0.721,0,31
3/30/22 9:00,30.29,32,32,29,46,13,24,2,NNW,1,8,WNW,30,31,29,38,0,0,374,16.09,443,0,1,0.3,1,0.698,0,32
3/30/22 9:30,30.29,33,33,31,42,13,24,2,NE,1,9,NE,32,32,31,40,0,0,433,18.63,478,0,2,0.3,2,0.662,0,34
3/30/22 10:00,30.29,34,34,33,39,12,24,3,NNW,1.5,12,NE,32,33,31,39,0,0,400,17.21,552,0.01,2,0.4,2,0.642,0,35
3/30/22 10:30,30.3,36,36,34,36,11,25,5,NW,2.5,12,NNW,31,34,30,38,0,0,532,22.89,629,0,2,0.5,3,0.613,0,36
3/30/22 11:00,30.28,37,37,36,34,11,25,4,NW,2,12,WNW,34,36,33,42,0,0,649,27.92,821,0.01,3,0.7,4,0.583,0,38
3/30/22 11:30,30.27,39,40,37,32,12,26,3,NW,1.5,11,WNW,38,38,36,48,0,0,781,33.6,863,0,4,0.9,4,0.535,0,39
3/30/22 12:00,30.25,41,41,39,31,12,27,4,NW,2,14,W,38,39,36,47,0,0,744,32.01,842,0.01,4,0.9,4,0.508,0,40
3/30/22 12:30,30.25,42,42,41,29,12,27,3,NNW,1.5,10,NW,41,40,39,48,0,0,556,23.92,661,0,3,0.7,4,0.479,0,41
3/30/22 13:00,30.23,44,44,42,26,11,27,3,ENE,1.5,10,NNW,43,42,41,50,0,0,634,27.28,710,0.01,4,0.8,4,0.444,0,43
3/30/22 13:30,30.21,44,45,43,24,10,26,3,ENE,1.5,9,NE,43,42,41,50,0,0,595,25.6,733,0,4,0.8,4,0.431,0,44
3/30/22 14:00,30.2,44,45,44,25,11,27,3,ENE,1.5,9,ENE,43,43,42,48,0,0,385,16.56,490,0.01,2,0.5,3,0.427,0,44
3/30/22 14:30,30.18,46,46,44,25,12,28,3,NNW,1.5,9,W,45,44,43,51,0,0,476,20.48,675,0,3,0.6,4,0.4,0,46
3/30/22 15:00,30.17,46,47,45,23,10,27,3,N,1.5,9,W,45,44,43,53,0,0,585,25.17,840,0.01,3,0.7,4,0.394,0,47
3/30/22 15:30,30.15,47,48,46,23,11,27,2,N,1,8,N,47,45,45,54,0,0,487,20.95,1049,0,3,0.6,4,0.383,0,46
3/30/22 16:00,30.13,48,48,46,22,11,27,3,S,1.5,10,S,47,46,45,58,0,0,577,24.82,779,0.01,2,0.5,3,0.356,0,47
3/30/22 16:30,30.11,48,48,47,23,12,28,2,S,1,8,S,48,46,46,53,0,0,328,14.11,450,0,2,0.3,2,0.354,0,47
3/30/22 17:00,30.11,46,48,46,25,12,28,4,SSW,2,10,N,45,44,43,48,0,0,230,9.9,418,0.01,1,0.2,2,0.387,0,48
3/30/22 17:30,30.12,46,47,46,25,12,28,3,SW,1.5,10,N,45,44,43,41,0,0,108,4.65,163,0,0,0.1,1,0.396,0,47
3/30/22 18:00,30.13,45,46,45,24,11,27,4,SW,2,11,SW,44,43,42,40,0,0,141,6.07,188,0,0,0,0,0.408,0,47
3/30/22 18:30,30.11,45,46,45,23,9,26,4,N,2,13,N,43,43,41,38,0,0,69,2.97,146,0,0,0,0,0.415,0,46
3/30/22 19:00,30.09,45,45,45,26,12,27,2,SW,1,8,N,45,43,43,38,0,0,7,0.3,25,0,0,0,0,0.425,0,46
3/30/22 19:30,30.1,44,45,44,26,11,27,4,SW,2,12,SW,41,42,40,35,0,0,0,0,0,0,0,0,0,0.448,0,45
3/30/22 20:00,30.11,43,44,43,27,11,27,3,SW,1.5,7,SW,42,41,40,35,0,0,0,0,0,0,0,0,0,0.456,0,44
3/30/22 20:30,30.11,42,43,42,29,12,27,5,SW,2.5,12,WSW,39,41,38,33,0,0,0,0,0,0,0,0,0,0.471,0,43
3/30/22 21:00,30.12,42,42,42,29,12,27,5,SW,2.5,13,N,38,40,37,32,0,0,0,0,0,0,0,0,0,0.49,0,43
3/30/22 21:30,30.11,41,42,41,30,12,27,4,SW,2,11,N,39,39,37,32,0,0,0,0,0,0,0,0,0,0.498,0,42
3/30/22 22:00,30.1,40,41,40,32,13,27,4,N,2,11,WSW,38,39,36,32,0,0,0,0,0,0,0,0,0,0.51,0,41
3/30/22 22:30,30.08,40,40,40,35,14,27,3,N,1.5,8,N,38,38,36,32,0,0,0,0,0,0,0,0,0,0.531,0,40
3/30/22 23:00,30.07,39,40,39,41,17,28,4,N,2,10,N,36,37,35,30,0,0,0,0,0,0,0,0,0,0.548,0,39
3/30/22 23:30,30.06,38,39,38,45,19,29,4,N,2,9,N,35,37,34,30,0,0,0,0,0,0,0,0,0,0.56,0,39
3/31/22 0:00,30.06,38,38,38,47,20,30,4,SSW,2,11,SW,35,37,34,30,0,0,0,0,0,0,0,0,0,0.556,0,39
3/31/22 0:30,30.07,38,38,38,49,21,30,3,SSW,1.5,8,SW,36,37,35,31,0,0,0,0,0,0,0,0,0,0.56,0,39
3/31/22 1:00,30.05,38,38,38,53,22,30,3,N,1.5,7,S,36,37,35,31,0,0,0,0,0,0,0,0,0,0.569,0,38
3/31/22 1:30,30.04,37,38,37,57,23,31,3,N,1.5,9,N,35,36,34,30,0,0,0,0,0,0,0,0,0,0.585,0,38
3/31/22 2:00,30.02,36,37,36,60,24,31,2,N,1,6,N,36,36,35,31,0,0,0,0,0,0,0,0,0,0.594,0,37
3/31/22 2:30,30.01,36,36,36,63,25,31,1,N,0.5,4,N,36,35,35,31,0,0,0,0,0,0,0,0,0,0.6,0,37
3/31/22 3:00,30,36,36,36,64,25,31,1,N,0.5,4,N,36,36,36,31,0,0,0,0,0,0,0,0,0,0.596,0,37
3/31/22 3:30,29.99,36,37,36,65,26,32,1,SSW,0.5,4,SSW,36,36,36,32,0,0,0,0,0,0,0,0,0,0.594,0,37
3/31/22 4:00,29.97,36,37,36,66,26,32,0,,0,2,SW,36,36,36,32,0,0,0,0,0,0,0,0,0,0.594,0,37
3/31/22 4:30,29.95,36,36,36,66,26,32,1,SW,0.5,3,SW,36,36,36,32,0,0,0,0,0,0,0,0,0,0.596,0,37
3/31/22 5:00,29.94,36,36,36,66,26,32,0,,0,2,SW,36,36,36,32,0,0,0,0,0,0,0,0,0,0.596,0,37
3/31/22 5:30,29.93,37,37,36,66,26,32,0,,0,2,WSW,37,36,36,32,0,0,0,0,0,0,0,0,0,0.588,0,37
3/31/22 6:00,29.92,37,37,36,68,27,32,1,WNW,0.5,3,W,37,36,36,32,0,0,0,0,0,0,0,0,0,0.588,0,37
3/31/22 6:30,29.91,37,37,37,70,28,33,0,,0,2,WNW,37,36,36,32,0,0,0,0,0,0,0,0,0,0.588,0,37
3/31/22 7:00,29.9,37,37,37,69,28,33,0,,0,2,WNW,37,37,37,33,0,0,0,0,0,0,0,0,0,0.577,0,37
3/31/22 7:30,29.89,36,37,36,81,31,34,1,WNW,0.5,2,WNW,36,36,36,32,0,0,23,0.99,39,0,0,0,0,0.602,0,37
3/31/22 8:00,29.88,35,36,35,86,32,34,1,N,0.5,3,N,35,35,35,34,0,0,29,1.25,35,0,0,0,0,0.619,0,36
3/31/22 8:30,29.86,36,36,35,89,33,35,0,,0,1,WNW,36,36,36,35,0,0,36,1.55,74,0,0,0,0,0.602,0,36
3/31/22 9:00,29.85,36,37,36,90,33,35,1,NW,0.5,2,WNW,36,36,36,36,0,0,65,2.8,88,0,0,0,0,0.602,0,36
3/31/22 9:30,29.85,37,37,36,91,35,36,0,,0,3,NW,37,37,37,38,0,0,85,3.66,98,0,0,0.1,0,0.583,0,37
3/31/22 10:00,29.85,38,38,37,91,35,37,1,E,0.5,2,NW,38,38,38,38,0,0,87,3.74,109,0,0,0.1,1,0.567,0,38
3/31/22 10:30,29.85,39,39,38,92,37,38,0,,0,2,E,39,39,39,40,0,0,129,5.55,181,0,1,0.2,1,0.544,0,39
3/31/22 11:00,29.84,41,41,39,92,39,40,1,S,0.5,3,S,41,41,41,42,0,0,136,5.85,181,0,1,0.2,1,0.506,0,40
3/31/22 11:30,29.83,42,42,40,92,40,41,1,SW,0.5,3,SW,42,42,42,45,0,0,184,7.92,236,0,1,0.3,2,0.479,0,42
3/31/22 12:00,29.82,42,43,42,90,40,41,1,E,0.5,4,E,42,42,42,45,0,0,176,7.57,285,0,1,0.3,2,0.471,0,43
3/31/22 12:30,29.8,44,45,42,89,41,43,1,N,0.5,4,N,44,44,44,47,0,0,204,8.78,345,0,2,0.3,2,0.435,0,44
3/31/22 13:00,29.77,46,46,44,89,42,44,1,E,0.5,6,E,46,46,46,47,0,0,143,6.15,188,0,1,0.3,1,0.406,0,45
3/31/22 13:30,29.76,48,48,46,86,44,46,1,E,0.5,3,E,48,48,48,51,0,0,205,8.82,304,0,2,0.3,2,0.358,0,47
3/31/22 14:00,29.73,49,49,48,85,45,47,1,E,0.5,4,E,49,49,49,52,0,0,182,7.83,396,0,1,0.3,3,0.333,0,49
3/31/22 14:30,29.69,50,50,49,85,45,47,1,ESE,0.5,4,N,50,50,50,51,0,0,113,4.86,220,0,1,0.2,1,0.319,0,50
3/31/22 15:00,29.7,51,52,50,84,47,49,1,E,0.5,3,ESE,51,51,51,53,0,0,133,5.72,200,0,1,0.2,1,0.283,0,51
3/31/22 15:30,29.67,53,53,51,84,48,50,1,E,0.5,4,E,53,53,53,56,0,0,153,6.58,246,0,1,0.2,2,0.25,0,53
3/31/22 16:00,29.66,55,55,53,83,50,52,1,WSW,0.5,5,SSE,55,54,54,56,0,0,86,3.7,144,0,0,0.1,1,0.217,0,54
3/31/22 16:30,29.65,58,58,55,85,53,55,2,WNW,1,7,S,58,58,58,60,0,0,112,4.82,213,0,1,0.1,1,0.148,0,56
3/31/22 17:00,29.63,62,62,58,81,56,58,5,SSW,2.5,15,SW,62,62,62,64,0,0,88,3.79,179,0,0,0.1,1,0.058,0,62
3/31/22 17:30,29.62,61,62,61,85,57,58,6,SSW,3,17,SW,61,62,61,60,0.02,0.1,40,1.72,77,0,0,0,0,0.075,0,61
3/31/22 18:00,29.61,61,61,61,86,57,58,7,SSW,3.5,19,SW,60,61,60,59,0,0,32,1.38,70,0,0,0,0,0.088,0,61
3/31/22 18:30,29.61,60,61,60,87,56,57,9,SSW,4.5,27,SW,58,60,58,56,0.01,0,23,0.99,35,0,0,0,0,0.106,0,60
3/31/22 19:00,29.6,59,60,59,89,56,57,6,SSW,3,17,WSW,59,59,59,57,0,0,15,0.65,25,0,0,0,0,0.123,0,59
3/31/22 19:30,29.6,59,59,59,89,56,57,5,SSW,2.5,11,SSW,59,59,59,56,0.01,0,0,0,0,0,0,0,0,0.125,0,59
3/31/22 20:00,29.58,59,59,59,89,55,57,7,SSW,3.5,15,S,58,59,58,55,0,0,0,0,0,0,0,0,0,0.133,0,58
3/31/22 20:30,29.58,58,59,58,91,55,56,6,SSW,3,16,SW,57,58,57,55,0.03,0.08,0,0,0,0,0,0,0,0.15,0,58
3/31/22 21:00,29.58,58,58,58,93,56,57,6,SSW,3,14,SW,57,58,58,55,0.08,0.45,0,0,0,0,0,0,0,0.146,0,58
3/31/22 21:30,29.54,59,59,58,93,57,58,5,SSW,2.5,14,SW,59,59,59,56,0.02,0.18,0,0,0,0,0,0,0,0.129,0,58
3/31/22 22:00,29.51,60,60,59,93,58,58,6,SSW,3,16,SW,59,60,60,57,0.02,0.11,0,0,0,0,0,0,0,0.113,0,59
3/31/22 22:30,29.55,60,60,60,90,57,58,8,W,4,22,SW,58,60,58,56,0.13,4.88,0,0,0,0,0,0,0,0.115,0,59
3/31/22 23:00,29.55,58,60,58,89,55,56,4,WSW,2,15,WNW,58,58,58,56,0.01,0.06,0,0,0,0,0,0,0,0.14,0,58
3/31/22 23:30,29.56,57,58,57,91,55,56,3,SSW,1.5,7,SSW,57,58,58,55,0.02,0.06,0,0,0,0,0,0,0,0.158,0,58
4/1/22 0:00,29.57,57,58,56,93,55,55,1,SSW,0.5,4,S,57,57,57,54,0.05,0.19,0,0,0,0,0,0,0,0.175,0,57
4/1/22 0:30,29.56,56,57,56,94,54,55,3,SSW,1.5,10,SSE,56,56,56,54,0.12,0.34,0,0,0,0,0,0,0,0.185,0,57
4/1/22 1:00,29.55,56,56,56,94,54,55,2,SW,1,10,SSW,56,56,56,53,0.05,0.36,0,0,0,0,0,0,0,0.194,0,56
4/1/22 1:30,29.54,55,56,55,94,54,54,2,SSW,1,6,ESE,55,55,55,53,0,0,0,0,0,0,0,0,0,0.204,0,56
4/1/22 2:00,29.53,54,55,54,95,53,54,1,SW,0.5,4,SW,54,55,55,52,0,0,0,0,0,0,0,0,0,0.219,0,55
4/1/22 2:30,29.52,55,55,54,95,53,54,2,SSW,1,8,SSW,55,55,55,53,0,0,0,0,0,0,0,0,0,0.21,0,55
4/1/22 3:00,29.53,55,55,54,95,53,54,1,W,0.5,3,W,55,55,55,52,0,0,0,0,0,0,0,0,0,0.215,0,55
4/1/22 3:30,29.5,54,55,54,96,53,53,0,,0,2,W,54,54,54,52,0.05,0.13,0,0,0,0,0,0,0,0.227,0,55
4/1/22 4:00,29.49,54,55,54,96,53,53,1,NW,0.5,5,NW,54,54,54,52,0.01,0.08,0,0,0,0,0,0,0,0.227,0,55
4/1/22 4:30,29.51,54,54,54,96,52,53,1,NW,0.5,3,N,54,54,54,51,0.01,0,0,0,0,0,0,0,0,0.238,0,54
4/1/22 5:00,29.53,53,54,53,95,51,52,2,NW,1,13,NW,53,53,53,50,0.01,0,0,0,0,0,0,0,0,0.254,0,54
4/1/22 5:30,29.52,50,53,50,90,47,48,9,WNW,4.5,24,NW,45,50,46,43,0,0,0,0,0,0,0,0,0,0.323,0,51
4/1/22 6:00,29.53,48,50,48,81,43,45,11,N,5.5,26,NW,43,48,43,40,0,0,0,0,0,0,0,0,0,0.35,0,49
4/1/22 6:30,29.53,47,48,47,85,42,44,9,N,4.5,24,WNW,42,47,42,39,0,0,0,0,0,0,0,0,0,0.381,0,48
4/1/22 7:00,29.56,46,47,46,87,42,44,5,N,2.5,19,NW,44,46,44,41,0.02,0.11,2,0.09,7,0,0,0,0,0.394,0,47
4/1/22 7:30,29.59,46,46,46,87,42,44,2,N,1,13,N,46,46,46,43,0.03,0.11,4,0.17,12,0,0,0,0,0.404,0,46
4/1/22 8:00,29.58,45,46,45,83,40,43,5,NW,2.5,13,WNW,43,45,42,41,0.01,0.04,25,1.08,53,0,0,0,0,0.412,0,46
4/1/22 8:30,29.58,45,45,45,81,40,42,4,NNW,2,13,NNW,43,45,43,45,0,0,91,3.91,383,0,0,0.1,1,0.415,0,46
4/1/22 9:00,29.59,46,46,45,78,39,42,3,NW,1.5,20,NNW,45,46,45,45,0,0,68,2.93,142,0,0,0,1,0.398,0,46
4/1/22 9:30,29.59,47,47,46,78,40,43,2,NW,1,11,NW,47,46,46,48,0,0,116,4.99,192,0,1,0.1,1,0.383,0,47
4/1/22 10:00,29.57,48,48,46,76,41,44,2,NW,1,9,NW,48,48,48,54,0,0,291,12.52,425,0,2,0.3,2,0.358,0,48
4/1/22 10:30,29.59,50,50,48,73,41,45,3,NW,1.5,9,ENE,49,49,49,56,0,0,339,14.58,443,0,2,0.4,2,0.321,0,49
4/1/22 11:00,29.59,53,53,50,65,41,46,3,WNW,1.5,9,W,53,52,52,60,0,0,422,18.16,585,0.01,3,0.6,4,0.256,0,54
4/1/22 11:30,29.58,53,53,52,57,38,44,6,NW,3,18,NNW,51,52,50,59,0,0,481,20.69,1039,0,3,0.7,5,0.248,0,53
4/1/22 12:00,29.58,53,53,52,58,39,44,5,NW,2.5,16,NW,52,52,50,60,0,0,516,22.2,900,0.01,3,0.7,4,0.25,0,53
4/1/22 12:30,29.58,53,53,52,58,38,44,5,WNW,2.5,14,WNW,52,52,50,57,0,0,374,16.09,462,0,2,0.5,3,0.254,0,53
4/1/22 13:00,29.58,52,53,52,60,38,44,7,WNW,3.5,19,WNW,49,51,48,53,0,0,286,12.3,411,0.01,2,0.4,3,0.275,0,53
4/1/22 13:30,29.59,50,52,50,64,38,43,6,N,3,20,WNW,48,49,47,50,0,0,182,7.83,329,0,1,0.3,2,0.312,0,51
4/1/22 14:00,29.59,49,50,49,72,40,44,8,WNW,4,17,WNW,45,48,45,51,0,0,321,13.81,369,0.01,2,0.4,2,0.338,0,50
4/1/22 14:30,29.57,50,50,49,69,41,45,7,WNW,3.5,18,W,48,50,47,57,0,0,515,22.16,1134,0,3,0.7,5,0.304,0,50
4/1/22 15:00,29.58,51,53,50,65,40,45,6,W,3,15,WNW,49,51,48,58,0,0,528,22.72,1230,0.01,3,0.7,5,0.285,0,52
4/1/22 15:30,29.61,45,51,45,82,40,42,8,N,4,20,N,41,45,40,43,0.01,0,165,7.1,285,0,1,0.2,2,0.417,0,46
4/1/22 16:00,29.6,46,46,45,76,39,42,7,N,3.5,21,WSW,42,45,42,49,0.01,0,304,13.08,457,0,2,0.4,2,0.4,0,47
4/1/22 16:30,29.62,47,47,46,72,38,42,8,W,4,24,NNW,42,46,42,53,0,0,432,18.59,766,0,2,0.4,2,0.383,0,47
4/1/22 17:00,29.63,47,47,46,72,39,42,8,W,4,20,W,43,47,43,56,0,0,548,23.58,687,0.01,2,0.4,2,0.373,0,47
4/1/22 17:30,29.65,47,47,47,65,36,41,10,W,5,28,W,42,46,41,54,0,0,478,20.56,517,0,1,0.3,2,0.371,0,47
4/1/22 18:00,29.66,46,47,46,68,37,41,11,W,5.5,26,W,41,46,40,44,0,0,394,16.95,462,0.01,1,0.2,1,0.385,0,47
4/1/22 18:30,29.69,44,46,44,67,34,39,10,N,5,26,N,39,44,38,38,0,0,157,6.75,255,0,0,0,1,0.431,0,45
4/1/22 19:00,29.71,43,44,43,67,32,37,8,N,4,21,N,38,42,37,34,0,0,28,1.2,46,0,0,0,0,0.467,0,43
4/1/22 19:30,29.74,42,43,42,66,31,36,8,N,4,24,N,37,41,36,32,0,0,4,0.17,12,0,0,0,0,0.483,0,43
4/1/22 20:00,29.76,41,42,41,65,30,36,8,N,4,19,N,36,41,35,32,0,0,0,0,0,0,0,0,0,0.494,0,42
4/1/22 20:30,29.78,41,41,41,65,30,35,7,N,3.5,24,N,36,40,35,31,0,0,0,0,0,0,0,0,0,0.506,0,42
4/1/22 21:00,29.81,40,41,40,67,30,35,5,N,2.5,23,N,36,39,36,32,0,0,0,0,0,0,0,0,0,0.523,0,41
4/1/22 21:30,29.83,39,40,39,65,28,34,8,N,4,22,N,33,38,33,29,0,0,0,0,0,0,0,0,0,0.544,0,40
4/1/22 22:00,29.84,39,39,38,64,27,33,6,N,3,23,N,34,38,33,29,0,0,0,0,0,0,0,0,0,0.55,0,39
4/1/22 22:30,29.85,38,39,38,63,27,33,8,N,4,21,N,33,38,32,28,0,0,0,0,0,0,0,0,0,0.552,0,39
4/1/22 23:00,29.87,38,38,38,61,26,32,8,N,4,28,N,32,37,31,27,0,0,0,0,0,0,0,0,0,0.562,0,39
4/1/22 23:30,29.88,38,38,38,58,24,31,11,N,5.5,29,N,30,37,29,26,0,0,0,0,0,0,0,0,0,0.573,0,38
4/2/22 0:00,29.89,37,38,37,58,24,31,10,N,5,31,N,30,37,30,26,0,0,0,0,0,0,0,0,0,0.575,0,38
4/2/22 0:30,29.9,37,37,37,59,24,31,10,N,5,25,WNW,30,36,29,25,0,0,0,0,0,0,0,0,0,0.585,0,38
4/2/22 1:00,29.91,37,37,37,59,24,31,8,N,4,25,N,31,36,30,26,0,0,0,0,0,0,0,0,0,0.583,0,38
4/2/22 1:30,29.92,37,37,37,59,24,31,7,N,3.5,22,N,31,36,31,26,0,0,0,0,0,0,0,0,0,0.585,0,38
4/2/22 2:00,29.92,37,37,37,60,24,31,10,N,5,26,N,30,36,29,25,0,0,0,0,0,0,0,0,0,0.585,0,38
4/2/22 2:30,29.93,37,37,37,60,24,31,9,N,4.5,21,N,30,36,29,25,0,0,0,0,0,0,0,0,0,0.59,0,38
4/2/22 3:00,29.95,37,37,37,60,24,31,9,N,4.5,24,N,30,36,29,25,0,0,0,0,0,0,0,0,0,0.592,0,37
4/2/22 3:30,29.96,36,37,36,61,24,31,8,N,4,29,N,30,36,30,26,0,0,0,0,0,0,0,0,0,0.594,0,37
4/2/22 4:00,29.97,36,36,36,63,25,31,8,N,4,21,N,30,35,29,25,0,0,0,0,0,0,0,0,0,0.6,0,37
4/2/22 4:30,29.97,36,36,36,63,25,31,9,N,4.5,22,N,29,35,29,25,0,0,0,0,0,0,0,0,0,0.602,0,37
4/2/22 5:00,29.99,36,36,36,62,24,31,9,N,4.5,24,N,29,35,29,25,0,0,0,0,0,0,0,0,0,0.602,0,37
4/2/22 5:30,30,36,36,36,65,25,31,7,N,3.5,24,N,30,35,29,25,0,0,0,0,0,0,0,0,0,0.61,0,37
4/2/22 6:00,30.02,36,36,36,60,23,30,7,N,3.5,25,N,30,35,30,25,0,0,0,0,0,0,0,0,0,0.604,0,37
4/2/22 6:30,30.04,36,36,36,60,23,30,8,N,4,24,W,29,35,29,25,0,0,0,0,0,0,0,0,0,0.608,0,37
4/2/22 7:00,30.05,36,36,36,61,24,30,8,NW,4,30,WSW,29,35,29,25,0,0,9,0.39,33,0,0,0,0,0.61,0,36
4/2/22 7:30,30.06,36,36,36,61,23,30,6,NW,3,20,W,31,35,30,27,0,0,56,2.41,72,0,0,0,0,0.613,0,36
4/2/22 8:00,30.07,36,36,36,58,23,30,8,N,4,19,N,30,35,29,31,0,0,113,4.86,181,0,0,0,1,0.602,0,37
4/2/22 8:30,30.07,37,37,36,54,22,30,9,W,4.5,23,WSW,30,36,29,35,0,0,260,11.19,338,0,1,0.2,1,0.583,0,38
4/2/22 9:00,30.08,38,38,37,51,22,30,5,NW,2.5,18,NW,34,37,33,43,0,0,394,16.95,446,0.01,1,0.3,2,0.558,0,40
4/2/22 9:30,30.1,40,40,38,49,22,31,6,W,3,18,W,35,38,34,45,0,0,496,21.34,540,0,2,0.4,2,0.531,0,41
4/2/22 10:00,30.1,40,40,39,48,22,31,7,W,3.5,20,W,35,39,34,45,0,0,588,25.3,631,0.01,2,0.5,3,0.525,0,41
4/2/22 10:30,30.11,41,41,40,43,20,31,7,W,3.5,21,W,36,40,35,47,0,0,675,29.04,715,0,3,0.6,3,0.498,0,42
4/2/22 11:00,30.1,43,43,41,42,22,32,5,W,2.5,17,W,40,42,39,51,0,0,751,32.31,786,0.01,4,0.8,4,0.454,0,45
4/2/22 11:30,30.1,43,43,43,40,20,31,8,W,4,21,W,38,42,37,49,0,0,814,35.02,840,0,4,0.9,4,0.456,0,45
4/2/22 12:00,30.09,44,45,43,39,21,32,8,W,4,21,WSW,40,43,38,50,0,0,860,37,879,0.02,5,1,5,0.433,0,45
4/2/22 12:30,30.09,46,46,44,37,21,33,6,W,3,25,WNW,43,44,41,54,0,0,893,38.42,904,0,5,1.1,5,0.4,0,45
4/2/22 13:00,30.08,46,47,45,35,20,32,7,NW,3.5,18,WNW,43,45,41,54,0,0,908,39.06,912,0.02,5,1.1,5,0.39,0,46
4/2/22 13:30,30.07,48,48,46,36,22,34,6,NW,3,17,NW,45,46,43,56,0,0,908,39.06,911,0,5,1.1,5,0.36,0,47
4/2/22 14:00,30.06,48,48,47,35,22,33,6,W,3,17,WSW,45,46,43,56,0,0,857,36.87,930,0.02,5,1,5,0.356,0,48
4/2/22 14:30,30.05,48,50,48,35,22,33,6,W,3,16,W,45,46,43,56,0,0,835,35.92,895,0,4,1,5,0.356,0,48
4/2/22 15:00,30.04,50,50,48,35,23,35,5,N,2.5,15,WSW,48,48,46,59,0,0,767,33,831,0.02,4,0.9,4,0.319,0,48
4/2/22 15:30,30.02,50,50,49,34,23,35,5,N,2.5,13,N,48,48,47,60,0,0,746,32.09,789,0,4,0.8,4,0.31,0,49
4/2/22 16:00,30.02,50,51,50,33,22,34,5,N,2.5,14,N,49,49,47,60,0,0,674,29,700,0.01,3,0.6,3,0.302,0,49
4/2/22 16:30,30.01,51,51,50,31,21,34,4,N,2,14,N,50,49,48,61,0,0,582,25.04,640,0,2,0.5,3,0.298,0,50
4/2/22 17:00,30.01,50,51,50,32,22,34,4,N,2,13,N,49,48,47,60,0,0,493,21.21,536,0.01,2,0.4,2,0.304,0,50
4/2/22 17:30,30.01,51,51,50,32,22,34,3,N,1.5,12,N,51,49,49,62,0,0,393,16.91,454,0,1,0.3,2,0.29,0,50
4/2/22 18:00,30.01,50,52,50,33,22,34,3,N,1.5,8,N,50,49,48,50,0,0,280,12.05,336,0.01,1,0.2,1,0.304,0,50
4/2/22 18:30,30.01,50,50,50,34,23,34,3,N,1.5,8,N,49,48,48,47,0,0,149,6.41,216,0,0,0,0,0.317,0,50
4/2/22 19:00,30.01,48,50,48,35,22,34,2,N,1,8,WSW,48,47,47,43,0,0,41,1.76,84,0,0,0,0,0.344,0,49
4/2/22 19:30,30.02,47,48,47,39,23,34,3,W,1.5,8,W,46,45,44,40,0,0,5,0.22,14,0,0,0,0,0.381,0,47
4/2/22 20:00,30.03,46,47,46,41,23,34,4,WSW,2,11,SW,44,44,42,38,0,0,0,0,0,0,0,0,0,0.406,0,46
4/2/22 20:30,30.04,44,46,44,43,23,33,2,WSW,1,8,WSW,44,43,43,39,0,0,0,0,0,0,0,0,0,0.431,0,45
4/2/22 21:00,30.05,43,44,43,44,23,33,2,WSW,1,8,WSW,43,42,42,38,0,0,0,0,0,0,0,0,0,0.45,0,43
4/2/22 21:30,30.05,43,44,43,44,23,33,3,W,1.5,7,WSW,42,42,41,36,0,0,0,0,0,0,0,0,0,0.452,0,44
4/2/22 22:00,30.06,42,43,42,48,23,33,2,W,1,5,WSW,42,41,40,36,0,0,0,0,0,0,0,0,0,0.485,0,42
4/2/22 22:30,30.05,40,42,40,52,24,32,1,W,0.5,4,W,40,39,39,35,0,0,0,0,0,0,0,0,0,0.517,0,41
4/2/22 23:00,30.04,39,40,38,59,26,32,0,,0,3,W,39,38,38,34,0,0,0,0,0,0,0,0,0,0.548,0,39
4/2/22 23:30,30.03,38,39,38,60,25,32,1,W,0.5,4,WNW,38,37,37,33,0,0,0,0,0,0,0,0,0,0.565,0,39
4/3/22 0:00,30.01,38,38,38,60,25,32,1,WNW,0.5,4,WNW,38,37,37,33,0,0,0,0,0,0,0,0,0,0.565,0,39
4/3/22 0:30,30.01,37,38,37,62,25,32,2,NW,1,6,NNE,36,36,36,31,0,0,0,0,0,0,0,0,0,0.583,0,38
4/3/22 1:00,30,37,37,37,62,25,32,3,NW,1.5,11,NW,35,36,34,30,0,0,0,0,0,0,0,0,0,0.581,0,38
4/3/22 1:30,29.99,36,37,36,65,25,31,2,NW,1,8,W,35,35,35,30,0,0,0,0,0,0,0,0,0,0.606,0,37
4/3/22 2:00,29.98,35,36,35,68,25,31,1,WNW,0.5,6,W,35,34,34,30,0,0,0,0,0,0,0,0,0,0.629,0,36
4/3/22 2:30,29.99,34,35,34,70,26,31,1,WNW,0.5,3,WNW,34,34,34,30,0,0,0,0,0,0,0,0,0,0.637,0,35
4/3/22 3:00,30,32,34,32,76,25,29,1,WNW,0.5,3,WNW,32,31,31,27,0,0,0,0,0,0,0,0,0,0.692,0,33
4/3/22 3:30,29.99,33,33,32,75,26,30,1,WNW,0.5,3,WNW,33,32,32,28,0,0,0,0,0,0,0,0,0,0.675,0,33
4/3/22 4:00,30,32,33,31,78,25,29,1,WNW,0.5,3,WNW,32,31,31,27,0,0,0,0,0,0,0,0,0,0.698,0,32
4/3/22 4:30,29.99,32,32,32,75,25,29,1,NW,0.5,5,WNW,32,32,32,27,0,0,0,0,0,0,0,0,0,0.685,0,33
4/3/22 5:00,29.98,33,33,32,74,25,29,4,NNW,2,11,N,29,32,28,24,0,0,0,0,0,0,0,0,0,0.675,0,33
4/3/22 5:30,29.98,32,33,32,74,25,29,3,NNW,1.5,8,WNW,30,32,29,25,0,0,0,0,0,0,0,0,0,0.681,0,33
4/3/22 6:00,29.98,32,32,32,74,25,29,3,NNW,1.5,9,NW,30,32,29,25,0,0,0,0,0,0,0,0,0,0.677,0,33
4/3/22 6:30,29.97,32,33,32,75,25,29,2,NNE,1,7,WNW,31,32,31,27,0,0,0,0,0,0,0,0,0,0.681,0,33
4/3/22 7:00,29.96,32,32,32,74,25,29,2,NNW,1,6,W,32,32,31,27,0,0,9,0.39,28,0,0,0,0,0.677,0,33
4/3/22 7:30,29.96,33,33,32,74,25,30,2,NW,1,5,NW,32,32,31,28,0,0,48,2.07,54,0,0,0,0,0.671,0,34
4/3/22 8:00,29.95,34,34,33,72,26,31,1,NW,0.5,4,NW,34,34,34,35,0,0,96,4.13,155,0,0,0,0,0.644,0,34
4/3/22 8:30,29.94,35,35,34,70,26,31,1,NNW,0.5,4,NNW,35,35,35,38,0,0,153,6.58,211,0,1,0.1,1,0.621,0,36
4/3/22 9:00,29.93,39,39,35,62,27,33,2,N,1,6,N,39,38,38,45,0,0,342,14.71,489,0,1,0.3,2,0.542,0,39
4/3/22 9:30,29.92,41,41,39,56,26,34,1,N,0.5,4,W,41,40,40,48,0,0,366,15.75,504,0,2,0.3,2,0.502,0,41
4/3/22 10:00,29.92,42,43,41,50,25,33,2,N,1,8,N,42,41,41,49,0,0,372,16,513,0.01,2,0.3,2,0.475,0,42
4/3/22 10:30,29.9,43,43,42,50,25,34,2,N,1,5,ENE,43,42,42,47,0,0,279,12,325,0,1,0.3,2,0.463,0,43
4/3/22 11:00,29.9,45,45,43,48,26,35,2,N,1,5,N,45,43,43,51,0,0,435,18.71,603,0.01,2,0.5,3,0.425,0,45
4/3/22 11:30,29.89,46,46,44,48,27,36,2,N,1,5,N,46,44,44,52,0,0,425,18.28,520,0,2,0.5,3,0.406,0,45
4/3/22 12:00,29.87,48,49,46,45,28,37,2,N,1,6,N,48,47,47,57,0,0,599,25.77,935,0.01,3,0.7,5,0.346,0,46
4/3/22 12:30,29.85,49,50,47,43,28,37,3,N,1.5,10,N,49,48,47,56,0,0,674,29,909,0,4,0.8,4,0.329,0,48
4/3/22 13:00,29.85,49,50,49,44,28,37,2,N,1,8,N,49,48,48,52,0,0,292,12.56,445,0.01,2,0.4,3,0.335,0,49
4/3/22 13:30,29.86,47,49,47,55,32,39,4,N,2,13,N,46,46,45,49,0,0,239,10.28,262,0,1,0.3,2,0.367,0,49
4/3/22 14:00,29.86,46,47,46,60,33,39,3,N,1.5,11,N,45,45,44,47,0,0,191,8.22,209,0,1,0.2,1,0.398,0,47
4/3/22 14:30,29.86,44,46,43,73,35,39,3,N,1.5,9,N,42,43,42,44,0,0,149,6.41,169,0,1,0.2,1,0.448,0,45
4/3/22 15:00,29.85,43,44,43,79,37,40,2,N,1,6,N,43,43,43,44,0,0,131,5.64,151,0,1,0.2,1,0.46,0,44
4/3/22 15:30,29.84,42,43,42,81,37,40,2,N,1,5,N,42,42,42,44,0.01,0,129,5.55,165,0,1,0.1,1,0.473,0,44
4/3/22 16:00,29.83,43,43,42,81,38,40,2,N,1,5,WSW,43,43,43,47,0,0,197,8.48,279,0,1,0.2,1,0.456,0,44
4/3/22 16:30,29.82,42,43,42,82,37,39,1,N,0.5,5,N,42,42,42,42,0.01,0,72,3.1,142,0,0,0,1,0.481,0,43
4/3/22 17:00,29.82,42,42,42,84,37,40,1,N,0.5,4,N,42,42,42,41,0,0,42,1.81,53,0,0,0,0,0.483,0,43
4/3/22 17:30,29.82,42,42,42,87,38,40,1,N,0.5,3,N,42,41,41,41,0.01,0,47,2.02,56,0,0,0,0,0.488,0,42
4/3/22 18:00,29.82,41,42,41,87,38,40,2,N,1,5,N,41,41,41,39,0,0,28,1.2,33,0,0,0,0,0.494,0,42
4/3/22 18:30,29.82,41,41,41,87,37,39,1,WNW,0.5,6,W,41,41,41,38,0.01,0,17,0.73,28,0,0,0,0,0.5,0,42
4/3/22 19:00,29.82,41,41,41,88,37,39,1,WNW,0.5,6,W,41,41,41,38,0,0,11,0.47,18,0,0,0,0,0.506,0,42
4/3/22 19:30,29.82,40,41,40,87,37,38,2,WNW,1,7,W,40,40,40,37,0,0,1,0.04,7,0,0,0,0,0.517,0,41
4/3/22 20:00,29.83,40,40,40,87,37,38,2,WNW,1,8,WNW,40,40,40,37,0,0,0,0,0,0,0,0,0,0.517,0,41
4/3/22 20:30,29.85,40,40,40,88,37,39,2,NW,1,9,W,40,40,40,36,0,0,0,0,0,0,0,0,0,0.519,0,41
4/3/22 21:00,29.86,39,40,39,89,36,38,2,NNW,1,9,N,39,39,39,36,0.01,0,0,0,0,0,0,0,0,0.533,0,40
4/3/22 21:30,29.86,39,39,39,89,36,37,2,NW,1,8,NW,38,39,38,35,0,0,0,0,0,0,0,0,0,0.548,0,40
4/3/22 22:00,29.86,39,39,38,89,36,37,2,NW,1,7,WNW,38,38,38,35,0.01,0,0,0,0,0,0,0,0,0.55,0,40
4/3/22 22:30,29.86,38,39,38,89,36,37,1,NW,0.5,5,NW,38,38,38,35,0,0,0,0,0,0,0,0,0,0.552,0,39
4/3/22 23:00,29.87,38,38,38,89,35,37,2,NW,1,5,WNW,38,38,38,35,0,0,0,0,0,0,0,0,0,0.554,0,39
4/3/22 23:30,29.87,39,39,38,89,36,37,1,NW,0.5,5,WNW,39,38,38,35,0,0,0,0,0,0,0,0,0,0.55,0,39
4/4/22 0:00,29.87,39,39,39,89,36,37,1,NNW,0.5,4,NW,39,39,39,35,0,0,0,0,0,0,0,0,0,0.548,0,39
4/4/22 0:30,29.87,39,39,39,90,36,37,1,NW,0.5,4,NNW,39,38,38,35,0,0,0,0,0,0,0,0,0,0.55,0,39
4/4/22 1:00,29.87,39,39,38,90,36,38,1,NW,0.5,6,NNW,39,39,39,35,0,0,0,0,0,0,0,0,0,0.546,0,39
4/4/22 1:30,29.88,39,39,38,88,35,37,2,NNW,1,9,NW,38,38,38,35,0,0,0,0,0,0,0,0,0,0.55,0,39
4/4/22 2:00,29.89,38,39,38,84,34,36,4,NW,2,11,WNW,35,38,35,32,0,0,0,0,0,0,0,0,0,0.554,0,39
4/4/22 2:30,29.9,38,38,38,83,33,36,3,NW,1.5,11,W,36,38,36,32,0,0,0,0,0,0,0,0,0,0.565,0,39
4/4/22 3:00,29.9,38,38,38,81,32,35,5,NW,2.5,15,W,34,37,33,30,0,0,0,0,0,0,0,0,0,0.573,0,39
4/4/22 3:30,29.91,37,38,37,81,32,35,3,WNW,1.5,11,WNW,35,37,35,31,0,0,0,0,0,0,0,0,0,0.583,0,38
4/4/22 4:00,29.91,37,37,37,80,32,35,3,NW,1.5,12,W,35,37,35,31,0,0,0,0,0,0,0,0,0,0.581,0,38
4/4/22 4:30,29.92,37,37,37,80,31,34,3,NNW,1.5,10,NNW,35,37,35,31,0,0,0,0,0,0,0,0,0,0.585,0,38
4/4/22 5:00,29.93,37,37,37,80,31,34,2,N,1,8,WNW,36,36,36,32,0,0,0,0,0,0,0,0,0,0.59,0,37
4/4/22 5:30,29.94,37,37,37,78,31,34,3,NW,1.5,9,NNW,35,37,35,31,0,0,0,0,0,0,0,0,0,0.579,0,38
4/4/22 6:00,29.94,38,38,37,76,31,34,4,NW,2,13,NW,35,37,34,31,0,0,0,0,0,0,0,0,0,0.571,0,38
4/4/22 6:30,29.96,37,38,37,77,31,34,4,WNW,2,12,WNW,34,37,34,30,0,0,0,0,0,0,0,0,0,0.581,0,38
4/4/22 7:00,29.97,37,37,37,76,30,34,4,NW,2,13,W,34,37,34,31,0,0,12,0.52,23,0,0,0,0,0.579,0,38
4/4/22 7:30,29.99,38,38,37,75,31,34,3,NNW,1.5,13,NNE,36,37,35,33,0,0,45,1.94,70,0,0,0,0,0.567,0,38
4/4/22 8:00,29.99,39,39,38,74,31,35,2,N,1,8,N,38,38,38,40,0,0,102,4.39,234,0,0,0,1,0.55,0,39
4/4/22 8:30,29.98,41,41,39,69,31,36,3,N,1.5,12,N,39,40,38,46,0,0,302,12.99,385,0,1,0.2,1,0.508,0,42
4/4/22 9:00,29.99,41,41,40,68,31,36,5,N,2.5,15,N,37,40,37,44,0,0,297,12.78,489,0,1,0.2,2,0.508,0,41
4/4/22 9:30,29.99,42,42,41,63,31,36,7,N,3.5,20,NW,38,42,37,48,0,0,521,22.41,598,0,2,0.4,2,0.473,0,43
4/4/22 10:00,29.99,44,44,42,59,30,37,7,N,3.5,19,N,39,43,39,50,0,0,614,26.42,687,0.01,2,0.5,3,0.448,0,44
4/4/22 10:30,29.99,45,45,43,55,30,37,5,N,2.5,15,NW,43,44,42,54,0,0,686,29.51,740,0,3,0.6,3,0.412,0,46
4/4/22 11:00,30,46,46,45,50,28,36,6,N,3,17,N,42,44,41,53,0,0,743,31.97,828,0.01,3,0.7,4,0.406,0,47
4/4/22 11:30,30,48,48,46,47,28,37,7,N,3.5,18,N,44,46,43,56,0,0,844,36.31,868,0,4,0.9,4,0.36,0,48
4/4/22 12:00,30,48,48,48,46,28,37,9,N,4.5,22,NW,44,47,43,55,0,0,888,38.2,907,0.02,5,1,5,0.348,0,48
4/4/22 12:30,30.01,49,50,48,46,29,38,7,N,3.5,20,WNW,46,48,45,58,0,0,963,41.43,1092,0,5,1.1,5,0.327,0,49
4/4/22 13:00,30,50,51,49,42,28,38,6,N,3,18,N,48,49,46,59,0,0,960,41.3,1023,0.02,5,1.1,5,0.308,0,50
4/4/22 13:30,29.99,52,52,50,41,29,38,7,N,3.5,17,N,49,50,47,60,0,0,950,40.87,1030,0,5,1.1,5,0.277,0,51
4/4/22 14:00,29.98,51,53,51,42,29,38,6,N,3,17,WNW,49,50,48,61,0,0,915,39.36,928,0.02,5,1.1,5,0.283,0,51
4/4/22 14:30,29.98,52,53,51,41,29,39,6,N,3,18,N,50,50,48,61,0,0,874,37.6,914,0,5,1,5,0.265,0,51
4/4/22 15:00,29.97,53,53,52,38,28,38,7,N,3.5,23,N,51,51,49,62,0,0,851,36.61,926,0.02,4,0.9,4,0.248,0,52
4/4/22 15:30,29.97,54,54,52,39,29,39,6,N,3,16,NW,52,52,50,63,0,0,768,33.04,993,0,3,0.7,4,0.233,0,53
4/4/22 16:00,29.97,52,54,52,39,28,38,7,N,3.5,16,N,50,50,48,61,0,0,642,27.62,807,0.01,3,0.6,3,0.262,0,52
4/4/22 16:30,29.96,52,54,52,40,29,38,6,N,3,20,N,51,50,49,59,0,0,419,18.03,703,0,2,0.4,3,0.262,0,53
4/4/22 17:00,29.96,52,53,52,39,28,38,6,N,3,16,W,51,50,49,61,0,0,404,17.38,552,0.01,2,0.3,2,0.262,0,53
4/4/22 17:30,29.97,52,53,52,40,29,39,5,N,2.5,17,N,51,50,49,60,0,0,324,13.94,434,0,1,0.2,1,0.26,0,53
4/4/22 18:00,29.98,51,52,51,41,28,38,5,N,2.5,15,WSW,50,50,48,49,0,0,248,10.67,355,0.01,1,0.1,1,0.283,0,52
4/4/22 18:30,29.99,50,52,50,43,29,38,4,N,2,16,W,49,49,48,46,0,0,110,4.73,260,0,0,0,1,0.308,0,51
4/4/22 19:00,29.99,50,50,50,45,29,38,4,N,2,14,W,48,48,47,44,0,0,52,2.24,76,0,0,0,0,0.321,0,50
4/4/22 19:30,30,48,50,48,48,29,38,3,W,1.5,10,N,48,47,46,42,0,0,6,0.26,18,0,0,0,0,0.35,0,49
4/4/22 20:00,30.01,48,48,48,49,30,38,4,W,2,9,W,46,47,45,41,0,0,0,0,0,0,0,0,0,0.358,0,48
4/4/22 20:30,30.02,47,48,47,51,30,38,5,W,2.5,9,N,45,46,44,40,0,0,0,0,0,0,0,0,0,0.369,0,48
4/4/22 21:00,30.02,47,47,47,53,31,38,5,W,2.5,11,N,45,46,44,39,0,0,0,0,0,0,0,0,0,0.377,0,48
4/4/22 21:30,30.03,47,47,47,52,30,38,5,N,2.5,12,N,45,46,44,40,0,0,0,0,0,0,0,0,0,0.375,0,48
4/4/22 22:00,30.04,47,47,46,53,30,38,4,W,2,12,W,45,46,44,40,0,0,0,0,0,0,0,0,0,0.383,0,47
4/4/22 22:30,30.04,46,47,46,55,31,38,4,W,2,12,W,44,45,43,39,0,0,0,0,0,0,0,0,0,0.394,0,47
4/4/22 23:00,30.05,46,46,46,56,31,38,4,NW,2,11,NW,44,45,43,39,0,0,0,0,0,0,0,0,0,0.404,0,46
4/4/22 23:30,30.05,45,46,45,57,31,38,4,N,2,10,NW,43,44,42,38,0,0,0,0,0,0,0,0,0,0.415,0,46
4/5/22 0:00,30.05,44,45,44,60,31,37,4,W,2,12,WSW,42,43,41,37,0,0,0,0,0,0,0,0,0,0.438,0,45
4/5/22 0:30,30.06,43,44,43,62,31,37,2,W,1,9,WNW,43,42,42,38,0,0,0,0,0,0,0,0,0,0.465,0,44
4/5/22 1:00,30.07,42,43,42,65,31,36,2,WNW,1,9,WSW,42,41,41,37,0,0,0,0,0,0,0,0,0,0.483,0,42
4/5/22 1:30,30.07,42,42,42,66,31,37,2,N,1,8,WSW,42,41,41,37,0,0,0,0,0,0,0,0,0,0.483,0,43
4/5/22 2:00,30.08,41,42,41,67,31,36,2,W,1,8,W,41,40,40,36,0,0,0,0,0,0,0,0,0,0.498,0,42
4/5/22 2:30,30.09,40,41,40,70,31,36,1,NW,0.5,6,NE,40,39,39,35,0,0,0,0,0,0,0,0,0,0.521,0,40
4/5/22 3:00,30.08,40,40,40,70,31,35,1,NW,0.5,5,NNW,40,39,39,35,0,0,0,0,0,0,0,0,0,0.525,0,41
4/5/22 3:30,30.09,39,40,39,72,31,35,1,NNW,0.5,5,NNW,39,39,39,35,0,0,0,0,0,0,0,0,0,0.537,0,39
4/5/22 4:00,30.09,39,40,39,72,31,35,1,NW,0.5,5,NW,39,39,39,35,0,0,0,0,0,0,0,0,0,0.535,0,40
4/5/22 4:30,30.09,37,39,37,76,30,34,1,NE,0.5,5,NE,37,36,36,32,0,0,0,0,0,0,0,0,0,0.588,0,38
4/5/22 5:00,30.1,36,37,36,78,30,33,1,N,0.5,5,NE,36,36,36,32,0,0,0,0,0,0,0,0,0,0.598,0,37
4/5/22 5:30,30.11,35,36,35,80,29,32,1,N,0.5,4,NE,35,34,34,30,0,0,0,0,0,0,0,0,0,0.629,0,37
4/5/22 6:00,30.12,34,35,34,82,29,32,2,WNW,1,6,NNW,33,33,33,29,0,0,0,0,0,0,0,0,0,0.65,0,36
4/5/22 6:30,30.12,33,34,33,83,29,31,1,NE,0.5,4,NW,33,33,33,29,0,0,0,0,5,0,0,0,0,0.658,0,35
4/5/22 7:00,30.13,33,33,33,84,29,32,1,N,0.5,8,NW,33,33,33,29,0,0,15,0.65,26,0,0,0,0,0.658,0,35
4/5/22 7:30,30.15,35,35,33,82,30,33,2,WNW,1,8,NNW,34,35,34,31,0,0,54,2.32,81,0,0,0,0,0.629,0,36
4/5/22 8:00,30.15,37,37,35,80,31,34,2,NW,1,6,NNE,36,36,36,38,0,0,140,6.02,193,0,0,0.1,1,0.592,0,38
4/5/22 8:30,30.16,40,40,37,75,33,36,0,,0,2,N,40,40,40,45,0,0,235,10.11,290,0,1,0.2,1,0.521,0,42
4/5/22 9:00,30.15,42,42,40,70,33,38,2,N,1,4,N,42,42,42,51,0,0,385,16.56,520,0,1,0.3,2,0.469,0,43
4/5/22 9:30,30.15,46,46,42,63,34,40,1,ENE,0.5,4,S,46,46,46,55,0,0,446,19.19,571,0,2,0.4,2,0.39,0,47
4/5/22 10:00,30.15,49,49,46,57,34,41,1,N,0.5,4,NE,49,48,48,59,0,0,566,24.35,643,0.01,2,0.5,3,0.335,0,49
4/5/22 10:30,30.13,50,52,49,51,33,40,2,E,1,7,ESE,50,49,49,59,0,0,513,22.07,791,0,3,0.6,3,0.306,0,50
4/5/22 11:00,30.12,53,53,50,45,32,40,3,N,1.5,8,SSE,53,51,51,60,0,0,621,26.72,747,0.01,3,0.7,4,0.256,0,54
4/5/22 11:30,30.11,54,55,52,42,32,41,2,N,1,6,ESE,54,52,52,61,0,0,647,27.84,719,0,4,0.8,4,0.225,0,54
4/5/22 12:00,30.1,55,56,54,41,32,41,3,N,1.5,13,S,55,53,53,63,0,0,699,30.07,889,0.01,4,0.9,5,0.202,0,55
4/5/22 12:30,30.09,58,58,55,39,33,42,4,N,2,12,SE,58,55,55,68,0,0,902,38.81,1048,0,5,1.1,6,0.152,0,57
4/5/22 13:00,30.09,58,59,57,38,32,42,4,SE,2,12,SSE,58,55,55,68,0,0,914,39.32,1078,0.02,5,1.1,6,0.152,0,57
4/5/22 13:30,30.07,60,60,57,40,35,44,3,ESE,1.5,10,E,60,57,57,70,0,0,839,36.1,1078,0,5,1.1,6,0.108,0,57
4/5/22 14:00,30.07,59,61,58,37,32,42,4,S,2,15,SE,59,56,56,65,0,0,482,20.74,652,0.02,4,0.8,6,0.131,0,59
4/5/22 14:30,30.06,59,59,58,36,32,42,3,N,1.5,9,SE,59,56,56,61,0,0,292,12.56,404,0,2,0.5,3,0.125,0,59
4/5/22 15:00,30.05,59,61,59,38,34,43,3,N,1.5,9,ESE,59,56,56,63,0,0,321,13.81,1109,0.01,3,0.6,5,0.121,0,59
4/5/22 15:30,30.04,59,60,59,38,33,42,3,N,1.5,9,SSE,59,56,56,59,0,0,179,7.7,260,0,2,0.4,2,0.133,0,59
4/5/22 16:00,30.03,59,59,58,40,34,43,2,N,1,9,SSE,59,56,56,58,0,0,112,4.82,142,0,1,0.3,2,0.131,0,59
4/5/22 16:30,30.04,59,59,59,40,35,43,4,S,2,14,SSE,59,56,56,59,0,0,129,5.55,149,0,1,0.2,1,0.129,0,59
4/5/22 17:00,30.05,58,59,58,41,35,43,6,S,3,13,S,58,56,55,57,0,0,101,4.35,109,0,1,0.2,1,0.14,0,59
4/5/22 17:30,30.05,58,58,58,42,35,43,7,S,3.5,17,S,57,55,54,56,0,0,103,4.43,121,0,1,0.2,1,0.148,0,58
4/5/22 18:00,30.04,58,58,58,42,35,44,7,S,3.5,18,S,57,56,54,56,0,0,236,10.15,306,0.01,1,0.1,1,0.146,0,58
4/5/22 18:30,30.03,57,58,57,43,34,43,9,N,4.5,20,N,54,54,51,51,0,0,156,6.71,218,0,0,0,1,0.175,0,57
4/5/22 19:00,30.05,55,57,55,44,33,42,7,S,3.5,16,SSE,53,53,51,48,0,0,41,1.76,97,0.01,0,0,0,0.213,0,55
4/5/22 19:30,30.05,53,55,53,46,33,41,5,S,2.5,14,SE,52,51,50,46,0,0,6,0.26,16,0,0,0,0,0.248,0,54
4/5/22 20:00,30.07,52,53,52,48,33,41,5,S,2.5,13,SSE,50,50,49,45,0,0,0,0,0,0,0,0,0,0.279,0,52
4/5/22 20:30,30.07,50,52,50,49,32,40,6,S,3,12,SSE,48,49,47,43,0,0,0,0,0,0,0,0,0,0.302,0,51
4/5/22 21:00,30.08,49,50,49,50,32,39,4,S,2,9,SE,48,48,47,43,0,0,0,0,0,0,0,0,0,0.325,0,50
4/5/22 21:30,30.08,48,49,48,52,32,39,3,S,1.5,7,S,48,47,47,43,0,0,0,0,0,0,0,0,0,0.344,0,49
4/5/22 22:00,30.07,48,48,48,54,32,39,2,S,1,6,SSE,48,47,47,43,0,0,0,0,0,0,0,0,0,0.36,0,48
4/5/22 22:30,30.07,47,48,47,56,32,39,2,S,1,5,S,47,46,46,42,0,0,0,0,0,0,0,0,0,0.375,0,47
4/5/22 23:00,30.08,45,47,45,60,32,38,1,S,0.5,4,S,45,44,44,41,0,0,0,0,0,0,0,0,0,0.41,0,46
4/5/22 23:30,30.08,44,46,44,62,32,38,0,,0,1,S,44,44,44,40,0,0,0,0,0,0,0,0,0,0.427,0,45
4/6/22 0:00,30.07,43,45,43,67,33,38,0,,0,1,S,43,43,43,39,0,0,0,0,0,0,0,0,0,0.452,0,44
4/6/22 0:30,30.07,42,43,42,71,33,38,0,,0,1,S,42,42,42,38,0,0,0,0,0,0,0,0,0,0.475,0,43
4/6/22 1:00,30.06,42,42,41,73,33,38,0,,0,2,S,42,41,41,37,0,0,0,0,0,0,0,0,0,0.49,0,42
4/6/22 1:30,30.05,42,42,42,72,34,38,0,,0,2,S,42,41,41,38,0,0,0,0,0,0,0,0,0,0.479,0,43
4/6/22 2:00,30.05,42,42,41,73,34,38,0,,0,2,S,42,41,41,38,0,0,0,0,0,0,0,0,0,0.481,0,42
4/6/22 2:30,30.04,42,43,42,71,34,38,1,S,0.5,3,N,42,42,42,38,0,0,0,0,0,0,0,0,0,0.469,0,43
4/6/22 3:00,30.01,43,43,42,70,34,38,1,SW,0.5,4,W,43,42,42,39,0,0,0,0,0,0,0,0,0,0.458,0,43
4/6/22 3:30,30,43,43,43,70,34,39,1,W,0.5,2,W,43,43,43,39,0,0,0,0,0,0,0,0,0,0.45,0,44
4/6/22 4:00,29.99,44,44,43,68,34,39,1,W,0.5,3,W,44,43,43,40,0,0,0,0,0,0,0,0,0,0.44,0,44
4/6/22 4:30,29.99,44,44,44,66,34,39,1,NW,0.5,2,NW,44,44,44,40,0,0,0,0,0,0,0,0,0,0.431,0,44
4/6/22 5:00,29.99,44,44,44,67,34,39,1,NW,0.5,3,NW,44,44,44,40,0,0,0,0,0,0,0,0,0,0.431,0,45
4/6/22 5:30,30,44,44,44,70,34,39,1,NNW,0.5,4,NW,44,43,43,39,0,0,0,0,0,0,0,0,0,0.448,0,44
4/6/22 6:00,29.99,42,44,42,78,36,39,1,NNW,0.5,3,NNW,42,42,42,38,0.01,0,0,0,0,0,0,0,0,0.473,0,43
4/6/22 6:30,29.99,41,42,41,83,36,39,1,NNW,0.5,2,N,41,41,41,37,0.02,0.05,0,0,0,0,0,0,0,0.496,0,42
4/6/22 7:00,29.99,40,41,40,87,37,39,1,NNW,0.5,4,NW,40,40,40,37,0.03,0.06,0,0,0,0,0,0,0,0.512,0,41
4/6/22 7:30,29.99,41,41,40,87,37,39,1,NW,0.5,3,NW,41,41,41,37,0.04,0.08,5,0.22,9,0,0,0,0,0.504,0,41
4/6/22 8:00,29.99,41,41,40,89,38,39,1,NW,0.5,6,NE,41,40,40,38,0.03,0.08,11,0.47,14,0,0,0,0,0.508,0,41
4/6/22 8:30,29.99,41,41,40,89,38,39,3,NNW,1.5,11,NNW,39,40,39,37,0.04,0.14,19,0.82,21,0,0,0,0,0.508,0,41
4/6/22 9:00,29.99,41,41,40,89,38,40,3,NNW,1.5,11,NNW,40,41,39,38,0.02,0.08,24,1.03,30,0,0,0,0,0.498,0,42
4/6/22 9:30,29.99,42,42,41,89,39,40,3,NNW,1.5,11,NW,40,42,40,39,0.02,0.05,29,1.25,37,0,0,0,0,0.485,0,42
4/6/22 10:00,29.99,43,43,42,85,38,40,3,NE,1.5,12,N,41,42,41,40,0,0,46,1.98,63,0,0,0,0,0.467,0,43
4/6/22 10:30,29.99,44,44,43,85,39,41,2,ENE,1,9,NE,44,43,43,43,0,0,73,3.14,81,0,0,0.1,1,0.448,0,44
4/6/22 11:00,30,44,44,43,83,39,42,2,NE,1,10,NW,44,44,44,44,0,0,77,3.31,90,0,1,0.1,1,0.433,0,44
4/6/22 11:30,29.98,45,45,44,82,40,42,3,NE,1.5,9,NNE,44,45,44,45,0,0,114,4.9,155,0,1,0.2,1,0.419,0,45
4/6/22 12:00,29.97,46,46,45,80,40,43,3,NE,1.5,11,N,45,46,45,46,0,0,135,5.81,162,0,1,0.2,1,0.394,0,46
4/6/22 12:30,29.96,47,47,46,81,41,44,4,ENE,2,11,ENE,45,47,45,46,0.01,0,133,5.72,171,0,1,0.2,1,0.381,0,47
4/6/22 13:00,29.95,48,48,46,82,42,45,4,ENE,2,10,NE,46,48,46,49,0,0,177,7.61,202,0,1,0.3,2,0.36,0,48
4/6/22 13:30,29.95,49,49,48,82,43,46,4,ENE,2,12,NE,47,49,47,48,0,0,125,5.38,185,0,1,0.2,1,0.342,0,49
4/6/22 14:00,29.95,49,49,49,82,43,46,6,ENE,3,17,NE,46,49,46,46,0,0,93,4,116,0,1,0.1,1,0.342,0,49
4/6/22 14:30,29.95,49,49,48,83,44,46,4,ENE,2,12,NE,47,49,47,48,0,0,100,4.3,130,0,1,0.1,1,0.342,0,49
4/6/22 15:00,29.96,48,49,48,84,44,46,5,ENE,2.5,12,E,46,48,46,47,0,0,91,3.91,130,0,1,0.1,1,0.346,0,49
4/6/22 15:30,29.98,47,48,47,90,45,46,4,ENE,2,10,N,46,48,46,47,0,0,104,4.47,120,0,1,0.1,1,0.367,0,48
4/6/22 16:00,29.99,47,48,47,91,45,46,3,NE,1.5,9,NE,47,47,47,48,0.01,0,88,3.79,98,0,1,0.1,1,0.371,0,47
4/6/22 16:30,29.98,47,47,47,91,44,46,4,ENE,2,10,E,45,47,46,47,0,0,99,4.26,109,0,1,0.1,1,0.377,0,47
4/6/22 17:00,29.98,47,47,47,91,44,45,4,NE,2,11,NE,45,47,45,46,0,0,56,2.41,79,0,0,0,0,0.381,0,47
4/6/22 17:30,29.97,47,47,46,91,44,45,3,N,1.5,8,N,46,47,46,46,0,0,36,1.55,51,0,0,0,0,0.383,0,47
4/6/22 18:00,29.98,47,47,46,90,44,45,2,N,1,5,N,47,47,47,45,0,0,36,1.55,44,0,0,0,0,0.383,0,47
4/6/22 18:30,29.98,47,47,47,89,44,45,2,N,1,6,N,47,47,47,45,0,0,21,0.9,28,0,0,0,0,0.377,0,47
4/6/22 19:00,29.98,47,47,47,89,44,45,1,NE,0.5,5,NE,47,47,47,45,0,0,6,0.26,12,0,0,0,0,0.373,0,47
4/6/22 19:30,29.98,47,47,47,88,43,45,2,NE,1,4,NE,47,47,47,44,0,0,0,0,0,0,0,0,0,0.381,0,47
4/6/22 20:00,29.99,47,47,46,88,43,45,1,N,0.5,4,NE,47,47,47,44,0,0,0,0,0,0,0,0,0,0.379,0,47
4/6/22 20:30,30,47,47,46,88,43,45,1,NNE,0.5,4,NNW,47,47,47,44,0,0,0,0,0,0,0,0,0,0.383,0,47
4/6/22 21:00,30.01,47,47,47,87,43,45,1,N,0.5,3,NNE,47,47,47,44,0,0,0,0,0,0,0,0,0,0.375,0,47
4/6/22 21:30,30.02,47,47,47,86,43,45,0,,0,2,N,47,47,47,44,0,0,0,0,0,0,0,0,0,0.371,0,47
4/6/22 22:00,30.02,46,47,46,89,43,44,0,,0,3,N,46,46,46,43,0,0,0,0,0,0,0,0,0,0.396,0,47
4/6/22 22:30,30.02,46,47,46,88,43,44,0,,0,2,N,46,46,46,43,0,0,0,0,0,0,0,0,0,0.39,0,47
4/6/22 23:00,30.02,46,46,46,90,43,44,0,,0,2,N,46,46,46,43,0,0,0,0,0,0,0,0,0,0.398,0,47
4/6/22 23:30,30.02,45,46,45,91,43,44,0,,0,3,N,45,45,45,42,0,0,0,0,0,0,0,0,0,0.412,0,47
4/7/22 0:00,30.01,46,46,45,91,43,44,1,N,0.5,4,N,46,46,46,43,0,0,0,0,0,0,0,0,0,0.404,0,46
4/7/22 0:30,30.01,46,46,45,91,43,44,0,,0,2,N,46,46,46,43,0,0,0,0,0,0,0,0,0,0.404,0,46
4/7/22 1:00,30.01,45,46,45,91,43,44,1,N,0.5,3,N,45,45,45,42,0,0,0,0,0,0,0,0,0,0.412,0,46
4/7/22 1:30,30.02,45,46,45,90,42,44,0,,0,2,N,45,45,45,42,0,0,0,0,0,0,0,0,0,0.415,0,46
4/7/22 2:00,30.02,45,46,45,88,42,44,0,,0,1,N,45,45,45,43,0,0,0,0,0,0,0,0,0,0.408,0,46
4/7/22 2:30,30.02,45,46,45,85,41,43,0,,0,3,N,45,45,45,42,0,0,0,0,0,0,0,0,0,0.408,0,46
4/7/22 3:00,30.02,45,46,45,81,40,42,1,N,0.5,4,N,45,45,45,42,0,0,0,0,0,0,0,0,0,0.41,0,45
4/7/22 3:30,30.01,45,45,45,80,39,42,0,,0,3,N,45,45,45,42,0,0,0,0,0,0,0,0,0,0.415,0,45
4/7/22 4:00,30.02,44,45,44,86,40,42,0,,0,2,N,44,44,44,41,0,0,0,0,0,0,0,0,0,0.438,0,45
4/7/22 4:30,30.02,44,44,44,85,40,42,0,,0,2,N,44,44,44,41,0,0,0,0,0,0,0,0,0,0.435,0,45
4/7/22 5:00,30.01,44,45,44,86,41,42,1,N,0.5,3,SE,44,44,44,41,0,0,0,0,0,0,0,0,0,0.427,0,45
4/7/22 5:30,30.01,43,44,43,85,39,41,2,N,1,6,N,43,43,43,40,0.02,0.06,0,0,0,0,0,0,0,0.452,0,44
4/7/22 6:00,30,43,43,43,87,39,41,1,N,0.5,4,N,43,43,43,39,0,0,0,0,0,0,0,0,0,0.467,0,44
4/7/22 6:30,30,43,43,42,87,39,41,1,N,0.5,3,N,43,43,43,40,0,0,0,0,0,0,0,0,0,0.458,0,44
4/7/22 7:00,30,43,43,43,86,39,41,0,,0,2,ESE,43,43,43,40,0,0,4,0.17,9,0,0,0,0,0.454,0,44
4/7/22 7:30,30,44,44,43,85,39,41,1,E,0.5,2,E,44,43,43,41,0,0,15,0.65,25,0,0,0,0,0.448,0,43
4/7/22 8:00,30,44,44,43,84,39,41,1,ESE,0.5,6,E,44,44,44,43,0,0,47,2.02,54,0,0,0,0,0.444,0,44
4/7/22 8:30,30.01,44,44,44,84,39,42,2,E,1,4,N,44,44,44,43,0,0,45,1.94,53,0,0,0,0,0.44,0,44
4/7/22 9:00,30,44,45,44,83,40,42,2,E,1,8,ESE,44,44,44,45,0,0,68,2.93,111,0,0,0,0,0.427,0,44
4/7/22 9:30,29.99,46,46,44,83,41,43,3,ESE,1.5,8,ESE,45,45,44,47,0,0,131,5.64,243,0,1,0.1,1,0.406,0,45
4/7/22 10:00,29.98,47,47,46,81,41,44,4,ESE,2,9,SE,45,47,45,50,0,0,232,9.98,373,0,1,0.3,2,0.379,0,47
4/7/22 10:30,29.99,48,48,47,78,42,45,3,E,1.5,10,E,48,48,48,50,0,0,164,7.06,186,0,1,0.2,1,0.344,0,48
4/7/22 11:00,29.98,50,50,48,75,42,46,2,E,1,8,E,50,50,50,53,0,0,187,8.05,234,0,1,0.3,2,0.312,0,50
4/7/22 11:30,29.97,51,52,50,68,41,45,3,ESE,1.5,11,ESE,51,51,50,52,0,0,149,6.41,244,0,1,0.2,2,0.285,0,51
4/7/22 12:00,29.96,52,52,51,68,42,46,3,SE,1.5,16,SSE,52,51,51,52,0,0,125,5.38,163,0,1,0.2,1,0.275,0,52
4/7/22 12:30,29.96,52,52,52,69,42,46,4,SSE,2,14,SSE,51,51,50,51,0,0,109,4.69,153,0,1,0.2,1,0.279,0,52
4/7/22 13:00,29.95,52,52,52,69,42,46,5,SSE,2.5,13,SSE,50,51,50,50,0,0,96,4.13,109,0,1,0.1,1,0.277,0,52
4/7/22 13:30,29.95,52,52,52,68,41,46,4,SSE,2,13,SSE,51,51,50,51,0,0,101,4.35,114,0,1,0.2,1,0.277,0,52
4/7/22 14:00,29.94,52,52,52,68,42,46,3,SSE,1.5,11,SSE,52,51,51,51,0,0,93,4,104,0,1,0.1,1,0.275,0,52
4/7/22 14:30,29.93,52,52,52,68,42,46,3,SSE,1.5,10,S,52,51,51,51,0,0,81,3.48,97,0,1,0.1,1,0.269,0,52
4/7/22 15:00,29.91,52,52,52,68,42,46,4,SE,2,11,SSE,51,51,51,51,0,0,78,3.36,98,0,1,0.1,1,0.267,0,52
4/7/22 15:30,29.89,52,52,52,69,42,46,5,SSE,2.5,16,SSE,50,51,50,49,0,0,57,2.45,63,0,0,0,0,0.277,0,52
4/7/22 16:00,29.88,51,52,51,70,42,46,4,SE,2,12,E,50,51,50,49,0,0,48,2.07,65,0,0,0,0,0.285,0,52
4/7/22 16:30,29.87,49,51,49,76,42,45,3,SE,1.5,10,SSE,49,49,49,48,0.01,0,33,1.42,63,0,0,0,0,0.325,0,51
4/7/22 17:00,29.86,50,50,49,76,42,46,2,SE,1,7,SE,50,50,50,49,0.01,0,34,1.46,53,0,0,0,0,0.319,0,50
4/7/22 17:30,29.86,50,50,50,82,44,47,4,SSE,2,13,SSE,48,50,48,47,0.01,0,24,1.03,33,0,0,0,0,0.323,0,50
4/7/22 18:00,29.87,49,50,49,85,45,47,3,SE,1.5,12,SSE,49,49,49,46,0,0,10,0.43,16,0,0,0,0,0.331,0,50
4/7/22 18:30,29.87,47,49,47,86,43,45,3,ESE,1.5,11,SE,47,47,47,44,0.03,0.05,10,0.43,23,0,0,0,0,0.369,0,49
4/7/22 19:00,29.86,46,47,46,88,43,44,3,ESE,1.5,8,SE,45,46,45,42,0.04,0.09,1,0.04,5,0,0,0,0,0.396,0,48
4/7/22 19:30,29.85,45,46,45,90,43,44,2,ESE,1,6,ESE,45,46,46,43,0.06,0.33,0,0,0,0,0,0,0,0.408,0,47
4/7/22 20:00,29.84,45,45,45,91,43,44,4,ESE,2,11,ESE,44,46,44,41,0.05,0.14,0,0,0,0,0,0,0,0.408,0,46
4/7/22 20:30,29.83,45,45,45,92,43,44,5,ESE,2.5,13,ESE,42,45,42,40,0.05,0.15,0,0,0,0,0,0,0,0.417,0,46
4/7/22 21:00,29.82,44,45,44,92,42,43,4,ESE,2,11,E,42,45,43,40,0.06,0.19,0,0,0,0,0,0,0,0.429,0,45
4/7/22 21:30,29.81,44,44,44,93,42,43,5,ESE,2.5,13,E,41,44,41,39,0.08,0.24,0,0,0,0,0,0,0,0.435,0,45
4/7/22 22:00,29.8,44,44,44,93,42,43,5,ESE,2.5,10,E,41,44,41,38,0.11,0.3,0,0,0,0,0,0,0,0.442,0,45
4/7/22 22:30,29.79,44,44,44,93,42,43,4,ESE,2,10,E,42,44,42,39,0.08,0.34,0,0,0,0,0,0,0,0.438,0,44
4/7/22 23:00,29.75,44,44,44,94,42,43,5,E,2.5,11,E,41,44,41,39,0.09,0.3,0,0,0,0,0,0,0,0.435,0,45
4/7/22 23:30,29.74,44,44,44,94,43,43,7,ESE,3.5,16,E,40,44,40,38,0.07,0.2,0,0,0,0,0,0,0,0.433,0,45
4/8/22 0:00,29.7,45,45,44,94,43,44,6,ESE,3,14,ESE,41,45,41,39,0.11,0.42,0,0,0,0,0,0,0,0.425,0,45
4/8/22 0:30,29.7,45,45,45,94,43,44,3,ESE,1.5,9,ESE,44,45,44,41,0.21,0.91,0,0,0,0,0,0,0,0.421,0,45
4/8/22 1:00,29.67,45,45,45,94,43,44,3,E,1.5,10,ESE,44,45,44,41,0.14,0.93,0,0,0,0,0,0,0,0.419,0,45
4/8/22 1:30,29.64,45,45,45,94,43,44,3,E,1.5,9,N,44,45,44,41,0.06,0.31,0,0,0,0,0,0,0,0.419,0,45
4/8/22 2:00,29.63,45,45,45,94,43,44,2,E,1,9,NNW,45,45,45,42,0.19,1.58,0,0,0,0,0,0,0,0.421,0,45
4/8/22 2:30,29.61,45,45,45,94,43,44,3,E,1.5,10,SSE,44,45,44,41,0.11,0.9,0,0,0,0,0,0,0,0.425,0,45
4/8/22 3:00,29.62,45,45,45,95,44,44,3,W,1.5,8,W,44,45,44,41,0.25,1.19,0,0,0,0,0,0,0,0.417,0,45
4/8/22 3:30,29.65,45,45,45,95,44,45,4,W,2,11,W,43,46,44,41,0.03,0.36,0,0,0,0,0,0,0,0.41,0,45
4/8/22 4:00,29.6,45,46,45,95,44,44,3,E,1.5,10,E,44,45,44,42,0.12,0.99,0,0,0,0,0,0,0,0.415,0,46
4/8/22 4:30,29.59,45,45,45,94,43,44,3,E,1.5,12,E,44,45,44,41,0,0,0,0,0,0,0,0,0,0.419,0,45
4/8/22 5:00,29.59,45,45,45,94,43,44,3,SE,1.5,12,E,44,45,44,41,0,0,0,0,0,0,0,0,0,0.423,0,45
4/8/22 5:30,29.59,44,45,44,94,43,44,4,E,2,15,E,42,45,43,40,0,0,0,0,0,0,0,0,0,0.429,0,45
4/8/22 6:00,29.58,44,44,44,94,43,43,2,E,1,11,N,44,44,44,42,0,0,0,0,0,0,0,0,0,0.433,0,45
4/8/22 6:30,29.58,44,44,44,94,43,43,2,E,1,11,NNW,44,44,44,42,0.01,0,0,0,0,0,0,0,0,0.433,0,45
4/8/22 7:00,29.58,44,45,44,95,43,44,1,NW,0.5,5,NW,44,45,45,42,0,0,6,0.26,12,0,0,0,0,0.427,0,45
4/8/22 7:30,29.59,45,45,44,95,43,44,2,NW,1,5,NW,45,45,45,43,0.01,0,26,1.12,42,0,0,0,0,0.425,0,45
4/8/22 8:00,29.6,45,45,45,95,44,45,2,WNW,1,9,WNW,45,46,46,46,0,0,53,2.28,77,0,0,0,0,0.408,0,46
4/8/22 8:30,29.6,46,46,45,94,45,46,2,WNW,1,8,WNW,46,47,47,48,0.01,0,94,4.04,165,0,0,0,1,0.387,0,46
4/8/22 9:00,29.61,49,49,46,90,46,47,2,E,1,7,E,49,49,49,57,0,0,310,13.34,485,0,1,0.3,2,0.335,0,50
4/8/22 9:30,29.61,51,51,49,86,47,49,3,NNW,1.5,10,NW,51,51,51,63,0,0,521,22.41,617,0,2,0.4,2,0.287,0,52
4/8/22 10:00,29.64,51,52,51,84,47,49,3,NW,1.5,9,NW,51,51,51,57,0,0,283,12.18,649,0.01,2,0.3,3,0.285,0,52
4/8/22 10:30,29.66,52,52,51,76,44,48,6,WNW,3,18,NW,50,51,49,55,0,0,282,12.13,378,0,2,0.4,2,0.275,0,52
4/8/22 11:00,29.66,53,53,51,72,44,47,8,W,4,18,W,50,52,49,58,0,0,569,24.48,1065,0.01,4,0.8,5,0.258,0,53
4/8/22 11:30,29.67,54,54,52,67,44,48,9,W,4.5,21,WSW,51,53,50,63,0,0,1025,44.1,1099,0,5,1.1,6,0.223,0,55
4/8/22 12:00,29.66,56,56,54,65,45,49,8,WNW,4,21,WSW,54,55,53,66,0,0,1006,43.28,1201,0.02,5,1.1,6,0.183,0,57
4/8/22 12:30,29.67,55,56,54,64,43,47,5,WNW,2.5,17,W,54,54,53,58,0,0,326,14.03,399,0,2,0.5,3,0.215,0,55
4/8/22 13:00,29.66,57,57,54,60,43,48,4,WNW,2,12,NW,57,56,56,63,0,0,407,17.51,1137,0.01,4,0.8,7,0.165,0,56
4/8/22 13:30,29.67,57,58,56,58,42,48,5,NW,2.5,15,W,56,55,55,65,0,0,662,28.48,1197,0,4,0.9,7,0.173,0,57
4/8/22 14:00,29.67,58,58,56,56,42,48,4,NW,2,13,W,58,56,56,64,0,0,409,17.6,541,0.01,4,0.8,6,0.144,0,58
4/8/22 14:30,29.67,58,58,57,54,42,48,6,W,3,17,WSW,57,56,56,62,0,0,342,14.71,450,0,3,0.7,6,0.142,0,59
4/8/22 15:00,29.67,59,59,57,52,41,47,7,W,3.5,17,W,58,57,56,63,0,0,385,16.56,1021,0.01,3,0.6,5,0.133,0,59
4/8/22 15:30,29.67,59,60,59,55,43,49,6,W,3,16,WNW,59,58,57,70,0,0,695,29.9,981,0,3,0.7,5,0.121,0,59
4/8/22 16:00,29.67,61,61,59,51,43,49,5,NW,2.5,14,W,61,59,59,72,0,0,783,33.69,976,0.02,3,0.7,4,0.085,0,60
4/8/22 16:30,29.68,60,61,59,52,42,48,5,W,2.5,15,W,60,58,58,70,0,0,464,19.96,789,0,2,0.5,3,0.106,0,59
4/8/22 17:00,29.68,60,60,60,48,40,47,3,W,1.5,8,WNW,60,57,57,70,0,0,464,19.96,599,0.01,2,0.4,2,0.115,0,59
4/8/22 17:30,29.69,59,60,59,47,39,46,4,W,2,11,WSW,59,57,57,63,0,0,211,9.08,517,0,1,0.2,2,0.121,0,59
4/8/22 18:00,29.7,58,59,58,49,39,46,2,W,1,8,N,58,56,56,55,0,0,101,4.35,130,0,0,0.1,1,0.135,0,59
4/8/22 18:30,29.7,58,58,58,50,40,46,4,W,2,9,WSW,58,56,56,54,0,0,92,3.96,158,0,0,0,0,0.144,0,58
4/8/22 19:00,29.71,58,58,58,51,39,46,3,W,1.5,9,W,58,56,56,53,0,0,53,2.28,111,0,0,0,0,0.156,0,58
4/8/22 19:30,29.71,56,58,56,55,40,46,1,W,0.5,5,WSW,56,54,54,51,0,0,11,0.47,32,0,0,0,0,0.196,0,56
4/8/22 20:00,29.72,52,56,52,69,42,46,0,,0,2,W,52,51,51,48,0,0,0,0,0,0,0,0,0,0.275,0,53
4/8/22 20:30,29.73,50,52,50,76,42,46,0,,0,2,W,50,50,50,46,0,0,0,0,0,0,0,0,0,0.319,0,51
4/8/22 21:00,29.75,47,50,47,79,41,44,0,,0,1,W,47,47,47,44,0,0,0,0,0,0,0,0,0,0.367,0,48
4/8/22 21:30,29.75,45,48,45,84,41,43,0,,0,1,W,45,45,45,41,0,0,0,0,0,0,0,0,0,0.415,0,46
4/8/22 22:00,29.76,44,45,44,86,40,41,1,S,0.5,5,SSE,44,43,43,40,0,0,0,0,0,0,0,0,0,0.448,0,45
4/8/22 22:30,29.76,44,44,43,86,40,42,1,SW,0.5,3,SSW,44,44,44,40,0,0,0,0,0,0,0,0,0,0.442,0,44
4/8/22 23:00,29.75,43,45,43,86,39,41,0,,0,2,SW,43,43,43,39,0,0,0,0,0,0,0,0,0,0.456,0,44
4/8/22 23:30,29.75,42,43,42,88,39,40,0,,0,2,SW,42,42,42,38,0,0,0,0,0,0,0,0,0,0.483,0,43
4/9/22 0:00,29.74,43,43,42,86,39,41,1,WSW,0.5,4,WNW,43,42,42,39,0,0,0,0,0,0,0,0,0,0.467,0,43
4/9/22 0:30,29.74,42,43,42,86,38,40,2,NW,1,9,NW,42,42,42,38,0,0,0,0,0,0,0,0,0,0.481,0,43
4/9/22 1:00,29.74,42,42,42,86,38,40,2,N,1,8,NW,42,42,41,38,0,0,0,0,0,0,0,0,0,0.485,0,42
4/9/22 1:30,29.74,41,42,41,87,37,39,2,NW,1,9,NW,41,41,41,37,0,0,0,0,0,0,0,0,0,0.502,0,42
4/9/22 2:00,29.73,41,41,41,87,37,39,2,NW,1,9,NW,40,40,40,37,0,0,0,0,0,0,0,0,0,0.508,0,42
4/9/22 2:30,29.73,41,41,41,87,37,39,1,NW,0.5,6,NW,41,41,41,37,0,0,0,0,0,0,0,0,0,0.504,0,42
4/9/22 3:00,29.73,41,41,40,87,37,39,1,NW,0.5,5,NW,41,41,41,37,0,0,0,0,0,0,0,0,0,0.5,0,42
4/9/22 3:30,29.73,40,41,40,87,37,39,2,NW,1,8,NW,40,40,40,36,0,0,0,0,0,0,0,0,0,0.51,0,42
4/9/22 4:00,29.72,40,41,40,87,37,39,1,NW,0.5,5,NW,40,40,40,37,0,0,0,0,0,0,0,0,0,0.51,0,41
4/9/22 4:30,29.7,40,41,40,87,37,39,2,NNW,1,11,NW,40,40,40,36,0,0,0,0,0,0,0,0,0,0.515,0,41
4/9/22 5:00,29.71,40,40,40,87,37,39,3,NNW,1.5,11,NW,39,40,39,35,0,0,0,0,0,0,0,0,0,0.515,0,41
4/9/22 5:30,29.72,41,41,40,87,37,39,2,S,1,6,S,41,41,40,37,0,0,0,0,0,0,0,0,0,0.504,0,41
4/9/22 6:00,29.71,41,41,41,88,38,39,2,NW,1,6,WNW,41,41,41,37,0,0,0,0,0,0,0,0,0,0.5,0,42
4/9/22 6:30,29.72,41,41,41,88,37,39,3,ESE,1.5,7,E,39,40,39,35,0,0,0,0,0,0,0,0,0,0.508,0,42
4/9/22 7:00,29.72,41,41,40,90,38,39,2,W,1,7,W,41,41,40,37,0,0,4,0.17,16,0,0,0,0,0.506,0,42
4/9/22 7:30,29.72,41,41,41,91,39,40,1,WNW,0.5,4,SSE,41,41,41,38,0,0,14,0.6,33,0,0,0,0,0.496,0,42
4/9/22 8:00,29.7,41,41,41,92,39,40,2,ENE,1,5,N,41,41,41,40,0.01,0,30,1.29,70,0,0,0,0,0.5,0,42
4/9/22 8:30,29.7,42,42,41,91,40,41,2,NNW,1,5,NE,42,42,42,43,0,0,68,2.93,81,0,0,0,0,0.475,0,42
4/9/22 9:00,29.7,42,42,42,92,40,41,2,SW,1,6,E,42,42,42,41,0.02,0.08,49,2.11,113,0,0,0,0,0.485,0,42
4/9/22 9:30,29.69,44,44,42,91,41,42,1,S,0.5,2,SW,44,44,44,49,0,0,237,10.2,647,0,1,0.3,2,0.448,0,44
4/9/22 10:00,29.69,46,47,44,87,43,44,1,NE,0.5,3,W,46,46,46,54,0,0,348,14.97,480,0,2,0.4,2,0.39,0,46
4/9/22 10:30,29.68,47,47,46,86,43,45,1,S,0.5,4,SSE,47,47,47,51,0,0,244,10.5,350,0,1,0.3,2,0.381,0,47
4/9/22 11:00,29.67,47,47,46,90,45,46,1,SW,0.5,4,NE,47,48,48,51,0.03,0.39,212,9.12,747,0,1,0.3,4,0.367,0,47
4/9/22 11:30,29.66,49,49,47,86,45,46,2,SW,1,5,SSE,49,49,49,58,0,0,533,22.93,946,0,3,0.6,4,0.34,0,50
4/9/22 12:00,29.63,51,51,48,82,46,48,1,S,0.5,4,SSW,51,51,51,57,0,0,327,14.07,1035,0.01,3,0.7,5,0.294,0,51
4/9/22 12:30,29.63,52,52,51,79,45,48,3,S,1.5,15,SSE,51,51,51,54,0.01,0,181,7.79,527,0,1,0.3,3,0.281,0,53
4/9/22 13:00,29.62,49,52,46,85,45,47,5,S,2.5,26,SSE,47,49,47,49,0.06,0.88,159,6.84,972,0.01,2,0.5,6,0.333,0,50
4/9/22 13:30,29.62,50,51,49,81,44,47,4,W,2,18,SSW,49,50,49,57,0,0,452,19.45,1165,0,2,0.5,6,0.31,0,51
4/9/22 14:00,29.61,46,50,45,88,43,44,4,W,2,14,SW,44,46,44,44,0.04,0.18,60,2.58,102,0,0,0.1,1,0.396,0,47
4/9/22 14:30,29.64,45,46,45,85,41,43,6,W,3,19,SW,42,45,42,41,0,0,59,2.54,95,0,0,0,1,0.41,0,47
4/9/22 15:00,29.63,45,45,45,88,42,44,4,W,2,14,WSW,44,45,44,46,0.02,0.13,147,6.32,343,0,1,0.2,2,0.408,0,47
4/9/22 15:30,29.63,48,48,45,86,44,46,3,WSW,1.5,10,SE,48,48,48,57,0,0,513,22.07,821,0,2,0.5,3,0.352,0,49
4/9/22 16:00,29.64,50,50,48,79,44,47,3,WSW,1.5,8,NW,50,50,50,58,0,0,352,15.14,958,0.01,2,0.4,3,0.304,0,50
4/9/22 16:30,29.64,50,50,49,76,42,46,4,W,2,13,W,49,50,48,54,0,0,235,10.11,489,0,1,0.3,2,0.319,0,50
4/9/22 17:00,29.65,50,50,50,72,41,45,4,W,2,10,WNW,48,49,48,52,0,0,160,6.88,281,0,1,0.2,2,0.323,0,50
4/9/22 17:30,29.65,50,50,49,73,41,45,4,W,2,14,SW,48,49,48,54,0,0,213,9.16,552,0,1,0.1,1,0.321,0,50
4/9/22 18:00,29.66,50,50,49,72,41,45,5,W,2.5,15,W,48,49,48,49,0,0,250,10.76,424,0,1,0.1,1,0.319,0,50
4/9/22 18:30,29.67,49,50,49,71,40,44,4,W,2,13,W,48,49,47,47,0,0,151,6.5,246,0,0,0,1,0.333,0,50
4/9/22 19:00,29.68,48,49,48,71,39,43,4,W,2,13,WSW,47,48,46,44,0,0,58,2.5,120,0,0,0,0,0.352,0,49
4/9/22 19:30,29.68,47,48,47,72,38,42,3,W,1.5,9,WSW,46,46,46,42,0,0,8,0.34,16,0,0,0,0,0.379,0,48
4/9/22 20:00,29.7,46,47,46,72,38,42,2,WNW,1,8,W,46,46,46,42,0,0,0,0,0,0,0,0,0,0.387,0,47
4/9/22 20:30,29.71,44,46,44,76,37,41,1,WSW,0.5,3,WSW,44,44,44,40,0,0,0,0,0,0,0,0,0,0.427,0,45
4/9/22 21:00,29.72,43,45,43,80,38,40,0,,0,5,NNW,43,43,43,39,0,0,0,0,0,0,0,0,0,0.452,0,44
4/9/22 21:30,29.73,40,43,40,87,36,38,1,WNW,0.5,4,SW,40,40,40,36,0,0,0,0,0,0,0,0,0,0.523,0,41
4/9/22 22:00,29.73,39,40,39,89,36,38,1,NNE,0.5,5,SW,39,39,39,35,0,0,0,0,0,0,0,0,0,0.54,0,41
4/9/22 22:30,29.73,40,40,39,88,36,38,1,NNW,0.5,3,NNE,40,39,39,36,0,0,0,0,0,0,0,0,0,0.529,0,40
4/9/22 23:00,29.73,39,40,39,87,36,38,1,WNW,0.5,5,SW,39,39,39,35,0,0,0,0,0,0,0,0,0,0.533,0,40
4/9/22 23:30,29.73,39,39,39,89,36,37,1,NNW,0.5,4,N,39,39,39,35,0,0,0,0,0,0,0,0,0,0.546,0,40
4/10/22 0:00,29.73,38,39,38,88,35,37,1,NNW,0.5,4,NW,38,38,38,35,0,0,0,0,0,0,0,0,0,0.552,0,40
4/10/22 0:30,29.73,38,39,38,89,35,36,2,NW,1,9,W,37,38,37,33,0,0,0,0,0,0,0,0,0,0.567,0,39
4/10/22 1:00,29.72,37,38,37,90,34,36,2,NW,1,6,W,36,37,36,32,0,0,0,0,0,0,0,0,0,0.583,0,39
4/10/22 1:30,29.71,37,37,37,89,34,36,2,NNW,1,9,W,36,37,36,32,0,0,0,0,0,0,0,0,0,0.585,0,38
4/10/22 2:00,29.7,37,37,37,88,34,35,3,NW,1.5,11,WNW,35,37,35,31,0,0,0,0,0,0,0,0,0,0.588,0,38
4/10/22 2:30,29.7,38,38,37,84,34,36,3,N,1.5,8,W,36,38,36,32,0,0,0,0,0,0,0,0,0,0.562,0,38
4/10/22 3:00,29.71,38,38,37,84,34,36,1,SE,0.5,4,ESE,38,38,38,34,0,0,0,0,0,0,0,0,0,0.554,0,38
4/10/22 3:30,29.71,39,40,38,80,34,37,2,NNW,1,8,WNW,39,39,39,35,0,0,0,0,0,0,0,0,0,0.533,0,39
4/10/22 4:00,29.72,40,40,40,78,34,37,4,WNW,2,16,NW,37,40,37,33,0,0,0,0,0,0,0,0,0,0.521,0,40
4/10/22 4:30,29.72,40,40,40,77,33,37,4,WNW,2,13,NW,37,40,37,33,0,0,0,0,0,0,0,0,0,0.519,0,41
4/10/22 5:00,29.72,40,41,40,76,34,37,5,WNW,2.5,15,WSW,37,40,37,33,0,0,0,0,0,0,0,0,0,0.51,0,41
4/10/22 5:30,29.73,41,41,40,75,33,37,4,NW,2,17,WNW,38,40,38,34,0,0,0,0,0,0,0,0,0,0.504,0,41
4/10/22 6:00,29.74,41,41,41,74,33,37,5,WNW,2.5,18,W,37,40,37,33,0,0,0,0,0,0,0,0,0,0.506,0,41
4/10/22 6:30,29.75,40,41,40,74,33,37,4,W,2,13,NW,38,40,37,33,0,0,2,0.09,7,0,0,0,0,0.512,0,41
4/10/22 7:00,29.76,40,40,40,72,32,36,3,WNW,1.5,11,WSW,38,40,38,34,0,0,21,0.9,39,0,0,0,0,0.519,0,41
4/10/22 7:30,29.77,40,40,40,68,31,36,4,NW,2,13,WNW,38,40,37,35,0,0,65,2.8,116,0,0,0,0,0.512,0,41
4/10/22 8:00,29.77,42,42,40,67,32,37,2,NNW,1,8,NNW,42,41,41,45,0,0,180,7.74,318,0,0,0.1,1,0.477,0,43
4/10/22 8:30,29.78,42,42,41,65,31,36,4,NW,2,12,NNW,39,41,38,43,0,0,185,7.96,306,0,1,0.2,1,0.49,0,42
4/10/22 9:00,29.78,44,44,41,61,31,37,3,NNE,1.5,12,WNW,43,43,42,54,0,0,490,21.08,654,0.01,2,0.3,2,0.438,0,45
4/10/22 9:30,29.78,43,44,43,59,30,36,5,W,2.5,15,NW,40,43,40,44,0,0,211,9.08,258,0,1,0.3,2,0.45,0,45
4/10/22 10:00,29.79,44,45,43,57,30,37,8,W,4,20,NW,40,43,39,47,0,0,450,19.36,840,0.01,2,0.4,3,0.429,0,46
4/10/22 10:30,29.79,44,45,44,58,30,37,7,NW,3.5,19,NW,40,43,39,47,0,0,391,16.82,837,0,2,0.5,3,0.435,0,45
4/10/22 11:00,29.79,45,45,44,56,30,37,6,W,3,18,WNW,42,44,41,47,0,0,364,15.66,703,0.01,3,0.6,4,0.417,0,46
4/10/22 11:30,29.78,46,46,45,51,28,36,9,W,4.5,21,W,41,45,40,46,0,0,423,18.2,582,0,3,0.6,4,0.404,0,47
4/10/22 12:00,29.77,47,47,45,48,28,37,8,W,4,18,WSW,43,46,41,50,0,0,579,24.91,1155,0.01,4,0.8,6,0.379,0,48
4/10/22 12:30,29.78,44,47,44,51,27,35,9,W,4.5,27,WNW,39,43,38,43,0,0,302,12.99,448,0,2,0.4,4,0.429,0,46
4/10/22 13:00,29.77,45,45,44,50,27,35,7,W,3.5,20,WSW,41,44,40,44,0,0,275,11.83,471,0.01,2,0.4,3,0.425,0,46
4/10/22 13:30,29.77,44,45,44,52,28,36,7,NW,3.5,20,W,40,43,39,42,0,0,198,8.52,276,0,1,0.3,2,0.431,0,45
4/10/22 14:00,29.77,44,44,44,54,29,36,6,W,3,17,NW,41,43,40,42,0,0,176,7.57,455,0,1,0.3,3,0.431,0,45
4/10/22 14:30,29.76,45,45,44,53,29,36,6,NW,3,19,N,41,44,40,43,0,0,194,8.35,459,0,1,0.3,3,0.421,0,46
4/10/22 15:00,29.76,45,46,45,54,30,37,6,W,3,15,N,42,44,41,45,0,0,225,9.68,359,0,2,0.3,2,0.412,0,46
4/10/22 15:30,29.76,46,46,45,52,29,37,6,W,3,19,WNW,43,45,42,45,0,0,191,8.22,455,0,1,0.3,3,0.394,0,47
4/10/22 16:00,29.77,46,46,46,50,28,36,7,W,3.5,19,W,42,45,41,44,0,0,158,6.8,230,0,1,0.2,1,0.402,0,46
4/10/22 16:30,29.77,46,46,45,52,29,37,6,W,3,18,NNW,43,45,41,44,0,0,124,5.33,183,0,1,0.1,1,0.402,0,46
4/10/22 17:00,29.78,46,46,46,52,29,37,6,W,3,16,WSW,43,45,41,45,0,0,148,6.37,216,0,1,0.1,1,0.402,0,47
4/10/22 17:30,29.79,46,47,46,53,30,37,5,W,2.5,16,W,44,45,42,45,0,0,135,5.81,246,0,0,0.1,1,0.396,0,47
4/10/22 18:00,29.8,46,46,46,56,31,38,6,W,3,19,WSW,42,45,41,40,0,0,108,4.65,116,0,0,0,0,0.404,0,46
4/10/22 18:30,29.81,45,46,45,58,31,38,9,W,4.5,23,WSW,40,44,39,37,0,0,78,3.36,91,0,0,0,0,0.415,0,46
4/10/22 19:00,29.82,44,45,44,61,32,38,10,W,5,24,NW,39,43,38,35,0,0,43,1.85,56,0,0,0,0,0.433,0,45
4/10/22 19:30,29.83,44,44,44,62,32,37,7,W,3.5,19,W,40,43,39,35,0,0,16,0.69,33,0,0,0,0,0.444,0,45
4/10/22 20:00,29.85,43,44,43,63,32,37,8,W,4,22,W,39,43,38,34,0,0,0,0,0,0,0,0,0,0.45,0,44
4/10/22 20:30,29.89,42,44,42,67,32,37,6,WNW,3,20,WNW,38,41,38,34,0,0,0,0,0,0,0,0,0,0.477,0,43
4/10/22 21:00,29.91,41,42,41,72,32,37,4,NW,2,13,NNW,38,40,37,34,0,0,0,0,0,0,0,0,0,0.508,0,42
4/10/22 21:30,29.94,40,41,40,73,32,36,4,NW,2,13,WNW,37,40,37,33,0,0,0,0,0,0,0,0,0,0.519,0,41
4/10/22 22:00,29.95,40,40,40,73,32,36,4,NW,2,15,W,37,39,36,33,0,0,0,0,0,0,0,0,0,0.529,0,41
4/10/22 22:30,29.95,40,40,40,70,31,35,4,WNW,2,17,WNW,37,39,36,33,0,0,0,0,0,0,0,0,0,0.527,0,41
4/10/22 23:00,29.97,40,40,40,68,30,35,5,W,2.5,17,WNW,36,39,35,32,0,0,0,0,0,0,0,0,0,0.527,0,41
4/10/22 23:30,29.98,40,40,39,68,30,35,5,NW,2.5,13,W,36,39,35,31,0,0,0,0,0,0,0,0,0,0.531,0,40
4/11/22 0:00,29.98,39,40,39,69,30,35,6,W,3,17,WSW,35,38,34,30,0,0,0,0,0,0,0,0,0,0.54,0,40
4/11/22 0:30,29.99,39,39,39,69,30,35,8,W,4,21,WNW,33,38,33,29,0,0,0,0,0,0,0,0,0,0.54,0,40
4/11/22 1:00,30,38,39,38,70,30,34,5,W,2.5,16,WNW,35,38,34,30,0,0,0,0,0,0,0,0,0,0.552,0,39
4/11/22 1:30,30,38,39,38,71,30,34,6,W,3,22,WSW,33,38,33,29,0,0,0,0,0,0,0,0,0,0.56,0,39
4/11/22 2:00,30,38,38,38,71,30,34,7,W,3.5,22,WSW,33,38,32,28,0,0,0,0,0,0,0,0,0,0.56,0,39
4/11/22 2:30,30.02,38,38,38,72,30,34,6,W,3,18,W,33,37,33,29,0,0,0,0,0,0,0,0,0,0.565,0,39
4/11/22 3:00,30.03,38,38,38,72,29,34,5,NW,2.5,16,NNW,34,37,33,29,0,0,0,0,0,0,0,0,0,0.571,0,38
4/11/22 3:30,30.04,38,38,38,70,29,34,7,W,3.5,22,W,33,37,32,28,0,0,0,0,0,0,0,0,0,0.562,0,39
4/11/22 4:00,30.05,37,38,37,71,29,33,5,NW,2.5,15,WNW,33,37,33,29,0,0,0,0,0,0,0,0,0,0.575,0,38
4/11/22 4:30,30.06,37,38,37,70,28,33,5,NW,2.5,14,N,33,36,32,29,0,0,0,0,0,0,0,0,0,0.581,0,38
4/11/22 5:00,30.07,37,37,37,70,28,33,4,NW,2,14,NW,34,36,33,29,0,0,0,0,0,0,0,0,0,0.588,0,38
4/11/22 5:30,30.08,35,37,35,73,27,32,1,ESE,0.5,4,ESE,35,35,35,31,0,0,0,0,0,0,0,0,0,0.621,0,37
4/11/22 6:00,30.1,34,35,34,74,27,31,1,SE,0.5,5,N,34,34,34,30,0,0,0,0,0,0,0,0,0,0.64,0,36
4/11/22 6:30,30.12,35,35,34,74,27,31,1,E,0.5,4,ENE,35,34,34,30,0,0,3,0.13,11,0,0,0,0,0.633,0,35
4/11/22 7:00,30.14,35,35,34,74,27,31,1,E,0.5,5,NW,35,34,34,31,0,0,21,0.9,44,0,0,0,0,0.631,0,35
4/11/22 7:30,30.15,38,38,35,67,28,33,1,SE,0.5,6,E,38,37,37,35,0,0,82,3.53,118,0,0,0,0,0.562,0,39
4/11/22 8:00,30.16,40,40,38,64,28,34,2,ENE,1,6,W,39,39,38,42,0,0,162,6.97,223,0,1,0.1,1,0.531,0,41
4/11/22 8:30,30.15,42,42,40,59,28,35,4,NNE,2,15,WNW,39,41,38,44,0,0,273,11.74,346,0,1,0.2,1,0.49,0,43
4/11/22 9:00,30.17,44,44,42,55,29,36,4,NNW,2,12,NNW,42,43,41,51,0,0,436,18.76,492,0.01,2,0.3,2,0.435,0,45
4/11/22 9:30,30.18,46,46,44,51,29,37,4,N,2,13,NNW,45,45,44,55,0,0,544,23.4,591,0,2,0.5,2,0.387,0,47
4/11/22 10:00,30.18,48,48,46,48,29,37,4,NNE,2,11,N,46,47,45,57,0,0,636,27.36,679,0.01,3,0.6,3,0.358,0,49
4/11/22 10:30,30.16,50,50,48,43,28,38,4,NNW,2,11,NE,49,49,47,59,0,0,721,31.02,758,0,4,0.8,4,0.312,0,51
4/11/22 11:00,30.15,52,52,50,41,29,39,3,NW,1.5,11,WNW,52,50,50,62,0,0,790,33.99,821,0.01,4,0.9,5,0.265,0,52
4/11/22 11:30,30.14,53,54,51,38,28,39,2,SW,1,9,N,53,51,51,63,0,0,852,36.65,879,0,5,1.1,6,0.242,0,54
4/11/22 12:00,30.14,56,56,53,36,29,39,3,ENE,1.5,9,NNE,56,53,53,66,0,0,901,38.76,919,0.02,6,1.2,6,0.196,0,54
4/11/22 12:30,30.14,57,58,55,34,29,40,2,SW,1,8,N,57,54,54,67,0,0,931,40.05,940,0,6,1.3,6,0.158,0,57
4/11/22 13:00,30.12,60,60,57,34,31,41,3,SE,1.5,8,SE,60,56,56,69,0,0,952,40.96,958,0.02,7,1.4,7,0.115,0,58
4/11/22 13:30,30.12,60,62,58,31,29,40,2,ESE,1,8,ESE,60,57,57,70,0,0,948,40.78,960,0,7,1.4,7,0.104,0,58
4/11/22 14:00,30.1,61,62,60,31,30,41,2,NE,1,8,ENE,61,58,58,71,0,0,933,40.14,956,0.02,6,1.4,6,0.075,0,60
4/11/22 14:30,30.1,62,63,62,31,31,42,3,ENE,1.5,9,ENE,62,59,59,72,0,0,899,38.68,960,0,6,1.2,6,0.056,0,61
4/11/22 15:00,30.08,62,64,62,27,28,40,4,W,2,11,N,62,58,58,69,0,0,682,29.34,853,0.02,4,0.9,5,0.058,0,63
4/11/22 15:30,30.06,63,63,62,25,27,39,6,S,3,14,SE,63,59,59,72,0,0,755,32.48,911,0,4,0.9,5,0.044,0,64
4/11/22 16:00,30.04,62,63,61,27,28,40,6,S,3,16,S,62,58,58,68,0,0,468,20.13,654,0.02,3,0.6,4,0.052,0,63
4/11/22 16:30,30.03,64,64,62,24,27,39,3,SSE,1.5,12,SSE,64,60,60,73,0,0,590,25.38,698,0,3,0.6,3,0.012,0,64
4/11/22 17:00,30.03,64,64,64,24,26,39,5,S,2.5,11,S,64,59,59,72,0,0,502,21.6,631,0.01,2,0.4,3,0.023,0,64
4/11/22 17:30,30.04,64,64,64,24,26,39,6,S,3,14,S,64,59,59,72,0,0,438,18.84,512,0,2,0.3,2,0.025,0,63
4/11/22 18:00,30.03,63,64,63,26,27,39,5,S,2.5,12,SSW,63,59,59,61,0,0,276,11.87,374,0.01,1,0.2,1,0.044,0,63
4/11/22 18:30,30.04,62,63,62,26,27,39,6,S,3,18,S,62,58,58,58,0,0,198,8.52,253,0,0,0.1,1,0.056,0,62
4/11/22 19:00,30.04,61,62,61,28,27,39,6,S,3,13,SSE,60,57,57,54,0,0,70,3.01,132,0.01,0,0,0,0.09,0,61
4/11/22 19:30,30.05,59,61,59,31,28,39,5,SSE,2.5,12,SSE,58,55,55,51,0,0,14,0.6,30,0,0,0,0,0.131,0,59
4/11/22 20:00,30.05,56,59,56,38,31,40,5,SSE,2.5,11,SSE,55,53,53,49,0,0,0,0,0,0,0,0,0,0.192,0,56
4/11/22 20:30,30.06,54,56,54,40,31,40,3,S,1.5,8,SSE,54,52,52,48,0,0,0,0,0,0,0,0,0,0.221,0,55
4/11/22 21:00,30.07,54,54,54,41,30,40,3,S,1.5,7,S,54,51,51,47,0,0,0,0,0,0,0,0,0,0.24,0,54
4/11/22 21:30,30.07,53,54,53,42,31,40,2,S,1,6,SSE,53,51,51,47,0,0,0,0,0,0,0,0,0,0.244,0,54
4/11/22 22:00,30.07,53,53,53,42,30,40,3,SSE,1.5,9,SE,53,51,51,47,0,0,0,0,0,0,0,0,0,0.254,0,53
4/11/22 22:30,30.06,52,53,52,45,32,40,4,SSE,2,11,SSE,52,51,50,46,0,0,0,0,0,0,0,0,0,0.26,0,53
4/11/22 23:00,30.06,52,52,52,49,33,41,5,SSE,2.5,13,SSE,50,50,49,45,0,0,0,0,0,0,0,0,0,0.275,0,52
4/11/22 23:30,30.06,51,52,51,52,34,42,4,SSE,2,11,SE,50,50,49,45,0,0,0,0,0,0,0,0,0,0.283,0,52
4/12/22 0:00,30.06,51,52,51,54,35,42,3,SSE,1.5,7,SSE,51,50,50,46,0,0,0,0,0,0,0,0,0,0.292,0,52
4/12/22 0:30,30.05,51,51,51,56,36,42,2,S,1,7,S,51,50,50,46,0,0,0,0,0,0,0,0,0,0.296,0,51
4/12/22 1:00,30.05,50,51,50,60,37,43,1,SSE,0.5,5,SSE,50,49,49,46,0,0,0,0,0,0,0,0,0,0.308,0,51
4/12/22 1:30,30.03,49,50,49,64,38,43,2,SSE,1,6,SSE,49,49,49,45,0,0,0,0,0,0,0,0,0,0.325,0,50
4/12/22 2:00,30.03,49,49,49,67,38,43,1,S,0.5,7,S,49,48,48,45,0,0,0,0,0,0,0,0,0,0.338,0,49
4/12/22 2:30,30.02,48,49,48,71,39,43,3,S,1.5,8,SE,47,47,47,43,0,0,0,0,0,0,0,0,0,0.358,0,49
4/12/22 3:00,30.01,48,48,48,72,39,43,3,SSE,1.5,7,SSE,47,47,47,43,0,0,0,0,0,0,0,0,0,0.36,0,48
4/12/22 3:30,30,48,48,48,72,39,43,2,SSE,1,6,SSE,48,47,47,44,0,0,0,0,0,0,0,0,0,0.358,0,48
4/12/22 4:00,29.99,48,48,47,73,39,43,2,S,1,8,SE,48,47,47,43,0,0,0,0,0,0,0,0,0,0.365,0,48
4/12/22 4:30,29.98,47,48,47,73,39,43,3,SSE,1.5,8,SSE,47,47,46,43,0,0,0,0,0,0,0,0,0,0.367,0,48
4/12/22 5:00,29.98,47,48,47,74,40,43,1,S,0.5,5,SSE,47,47,47,43,0,0,0,0,0,0,0,0,0,0.367,0,48
4/12/22 5:30,29.98,48,48,47,74,40,43,0,,0,2,S,48,47,47,44,0,0,0,0,0,0,0,0,0,0.363,0,48
4/12/22 6:00,29.98,48,48,47,75,40,43,0,,0,2,S,48,47,47,44,0,0,0,0,0,0,0,0,0,0.365,0,48
4/12/22 6:30,29.98,48,48,47,76,40,44,0,,0,2,SSW,48,47,47,44,0,0,0,0,0,0,0,0,0,0.363,0,48
4/12/22 7:00,29.98,48,48,47,77,41,44,0,,0,1,SW,48,48,48,44,0,0,8,0.34,19,0,0,0,0,0.354,0,48
4/12/22 7:30,29.98,48,48,48,76,41,44,0,,0,3,WSW,48,48,48,45,0,0,23,0.99,32,0,0,0,0,0.348,0,48
4/12/22 8:00,30,48,48,48,76,41,44,2,NNW,1,4,WNW,48,48,48,47,0,0,26,1.12,46,0,0,0,0,0.346,0,49
4/12/22 8:30,30.01,49,49,48,75,41,45,2,N,1,4,NNE,49,49,49,48,0,0,47,2.02,65,0,0,0,0,0.333,0,49
,,,,,,,,,,,,,,,,,,,,,,,,,,,,
,44.32784431,,,,,,,,,,,,,,,,,,,,,,,,,,,
,44.42921687,,,,,,,,,,,,,,,,,,,,,,,,,,,